study_id,study_description,assay_id,gene_symbol,go_terms,go_term_names,log2fc,adj_pvalue
E-GEOD-16722,Expression data from Arabidopsis thaliana under phosphate starvation stress,E-GEOD-16722-g1_g5,AT3G32040,GO:0016117; GO:0045337,carotenoid biosynthetic process; farnesyl diphosphate biosynthetic process,2.3,4.663028E-6
E-GEOD-17159,Gene expression in pif1pif3pif4pif5 mutant under dark or red light conditions,E-GEOD-17159-g4_g3,AT5G17230,GO:0016117,carotenoid biosynthetic process,1.9,1.178705E-10
E-GEOD-17159,Gene expression in pif1pif3pif4pif5 mutant under dark or red light conditions,E-GEOD-17159-g8_g6,AT1G15550,GO:0009686,gibberellin biosynthetic process,1.8,3.5522985E-6
E-GEOD-17343,Transcription profiling of Arabidopsis pollen and semi in vivo- and in vitro-grown pollen tubes.,E-GEOD-17343-g3_g4,AT5G48230,GO:0008299,isoprenoid biosynthetic process,4.0,2.0396476E-7
E-GEOD-17464,"""Transcription profiling of Arabidopsis thaliana mutants treated with flg22, Alternaria brassicicola, Methyl jasmonate and Pst DC3000 bacteria""",E-GEOD-17464-g10_g4,AT1G61120,GO:0016102,diterpenoid biosynthetic process,3.6,0.0053616175
E-GEOD-17464,"""Transcription profiling of Arabidopsis thaliana mutants treated with flg22, Alternaria brassicicola, Methyl jasmonate and Pst DC3000 bacteria""",E-GEOD-17464-g14_g2,AT5G07200,GO:0009686,gibberellin biosynthetic process,2.7,8.75839E-4
E-GEOD-17464,"""Transcription profiling of Arabidopsis thaliana mutants treated with flg22, Alternaria brassicicola, Methyl jasmonate and Pst DC3000 bacteria""",E-GEOD-17464-g10_g4,AT3G21500,GO:0016114,terpenoid biosynthetic process,2.6,0.007720624
E-GEOD-17464,"""Transcription profiling of Arabidopsis thaliana mutants treated with flg22, Alternaria brassicicola, Methyl jasmonate and Pst DC3000 bacteria""",E-GEOD-17464-g10_g4,AT1G02400,GO:0009686,gibberellin biosynthetic process,2.3,0.0048393463
E-GEOD-17464,"""Transcription profiling of Arabidopsis thaliana mutants treated with flg22, Alternaria brassicicola, Methyl jasmonate and Pst DC3000 bacteria""",E-GEOD-17464-g10_g4,AT1G30040,GO:0009686,gibberellin biosynthetic process,1.8,0.0050001587
E-GEOD-17499,Expression data from 2-week-old Arabidopsis untreated seedlings grown under a short day condition,E-GEOD-17499-g3_g5,AT4G15110,GO:0016117,carotenoid biosynthetic process,2.7,5.40902E-6
E-GEOD-17499,Expression data from 2-week-old Arabidopsis untreated seedlings grown under a short day condition,E-GEOD-17499-g3_g2,AT4G15110,GO:0016117,carotenoid biosynthetic process,2.5,0.0021453293
E-GEOD-17499,Expression data from 2-week-old Arabidopsis untreated seedlings grown under a short day condition,E-GEOD-17499-g3_g4,AT4G15110,GO:0016117,carotenoid biosynthetic process,2.5,3.7194203E-4
E-GEOD-17499,Expression data from 2-week-old Arabidopsis untreated seedlings grown under a short day condition,E-GEOD-17499-g3_g1,AT4G15110,GO:0016117,carotenoid biosynthetic process,2.3,0.006205016
E-GEOD-17499,Expression data from 2-week-old Arabidopsis untreated seedlings grown under a short day condition,E-GEOD-17499-g3_g6,AT4G15110,GO:0016117,carotenoid biosynthetic process,2.2,4.5352883E-4
E-GEOD-17500,Effect of auxin signaling on Pseudomonas syinrgae pv tomato DC3000 response,E-GEOD-17500-g2_g1,AT3G45130,GO:0016104,triterpenoid biosynthetic process,1.6,4.533562E-4
E-GEOD-17610,Gene expression in response to AGL15 during somatic embryogenesis,E-GEOD-17610-g1_g3,AT1G68320,GO:0009686,gibberellin biosynthetic process,1.9,0.0011871237
E-GEOD-17824,Transcriptional profiling after inhibition of cellulose synthesis by TA and IXB in Arabidopsis thaliana suspension cells,E-GEOD-17824-g3_g4,AT1G30040,GO:0009686,gibberellin biosynthetic process,1.5,2.0953745E-8
E-GEOD-17845,Transcriptional profiling of leaf blades and petioles subjected to shade avoidance syndrome,E-GEOD-17845-g3_g5,AT1G02400,GO:0009686,gibberellin biosynthetic process,2.5,8.18937E-5
E-GEOD-17845,Transcriptional profiling of leaf blades and petioles subjected to shade avoidance syndrome,E-GEOD-17845-g4_g6,AT1G02400,GO:0009686,gibberellin biosynthetic process,1.9,1.21244215E-4
E-GEOD-17845,Transcriptional profiling of leaf blades and petioles subjected to shade avoidance syndrome,E-GEOD-17845-g4_g6,AT1G15550,GO:0009686,gibberellin biosynthetic process,1.7,1.3453684E-4
E-GEOD-18071,"""Transcription profiling of Arabidopsis thaliana wild-type and pnp mutant plants with respect to their morphology, metabolite profiles, and transcriptomes""",E-GEOD-18071-g2_g5,AT1G61120,GO:0016102,diterpenoid biosynthetic process,1.8,0.0017176783
E-GEOD-18071,"""Transcription profiling of Arabidopsis thaliana wild-type and pnp mutant plants with respect to their morphology, metabolite profiles, and transcriptomes""",E-GEOD-18071-g2_g5,AT1G30040,GO:0009686,gibberellin biosynthetic process,1.6,0.004186093
E-GEOD-18225,Transcription profiling of Arabidopsis early anther,E-GEOD-18225-g3_g1,AT1G78960,GO:0016104,triterpenoid biosynthetic process,1.2,0.0040261843
E-GEOD-18978,Arabidopsis thaliana mutant leaves treated with Pseudomonas syringae ES4326,E-GEOD-18978-g8_g7,AT1G61120,GO:0016102,diterpenoid biosynthetic process,7.5,2.3037241E-7
E-GEOD-18978,Arabidopsis thaliana mutant leaves treated with Pseudomonas syringae ES4326,E-GEOD-18978-g7_g5,AT4G15560,GO:0016114,terpenoid biosynthetic process,1.6,3.4047003E-4
E-GEOD-18980,Transcriptome of Arabidopsis APS kinase null mutants,E-GEOD-18980-g2_g1,AT1G66960,GO:0016104,triterpenoid biosynthetic process,1.3,2.43569E-4
E-GEOD-18985,Identification of early gibberellin (GA) responsive genes in Arabidopsis hypocotyls,E-GEOD-18985-g1_g2,AT1G30040,GO:0009686,gibberellin biosynthetic process,1.6,6.502019E-6
E-GEOD-18985,Identification of early gibberellin (GA) responsive genes in Arabidopsis hypocotyls,E-GEOD-18985-g5_g6,AT1G02400,GO:0009686,gibberellin biosynthetic process,1.4,3.7874992E-4
E-GEOD-18985,Identification of early gibberellin (GA) responsive genes in Arabidopsis hypocotyls,E-GEOD-18985-g5_g6,AT1G30040,GO:0009686,gibberellin biosynthetic process,1.2,2.0982335E-4
E-GEOD-18985,Identification of early gibberellin (GA) responsive genes in Arabidopsis hypocotyls,E-GEOD-18985-g1_g2,AT1G78970,GO:0016104,triterpenoid biosynthetic process,1.1,1.6551837E-4
E-GEOD-19245,Depleting cytosolic cysteine compromises the antioxidant capacity of the cytosol in Arabidopsis thaliana,E-GEOD-19245-g7_g4,AT2G36690,GO:0009686,gibberellin biosynthetic process,2.1,0.0012949774
E-GEOD-19245,Depleting cytosolic cysteine compromises the antioxidant capacity of the cytosol in Arabidopsis thaliana,E-GEOD-19245-g5_g1,AT1G30040,GO:0009686,gibberellin biosynthetic process,1.6,0.0022315427
E-GEOD-19264,Systemic responses to Pseudomonas syringae infection,E-GEOD-19264-g1_g4,AT5G67030,GO:0016123,xanthophyll biosynthetic process,2.7,1.0462451E-5
E-GEOD-19264,Systemic responses to Pseudomonas syringae infection,E-GEOD-19264-g2_g5,AT5G67030,GO:0016123,xanthophyll biosynthetic process,2.5,9.0235216E-7
E-GEOD-19264,Systemic responses to Pseudomonas syringae infection,E-GEOD-19264-g3_g6,AT5G67030,GO:0016123,xanthophyll biosynthetic process,2.5,3.2447583E-6
E-GEOD-19264,Systemic responses to Pseudomonas syringae infection,E-GEOD-19264-g2_g5,AT5G52570,GO:0016123,xanthophyll biosynthetic process,2.4,6.899958E-6
E-GEOD-19264,Systemic responses to Pseudomonas syringae infection,E-GEOD-19264-g3_g6,AT5G52570,GO:0016123,xanthophyll biosynthetic process,2.4,2.3670891E-5
E-GEOD-19264,Systemic responses to Pseudomonas syringae infection,E-GEOD-19264-g7_g1,AT5G52570,GO:0016123,xanthophyll biosynthetic process,1.8,0.004391447
E-GEOD-19264,Systemic responses to Pseudomonas syringae infection,E-GEOD-19264-g9_g3,AT5G52570,GO:0016123,xanthophyll biosynthetic process,1.2,0.0026255464
E-GEOD-19264,Systemic responses to Pseudomonas syringae infection,E-GEOD-19264-g1_g4,AT1G78510,GO:0008299,isoprenoid biosynthetic process,1.1,1.865529E-4
E-GEOD-19266,DUO1 ectopic expression,E-GEOD-19266-g5_g6,AT3G32040,GO:0016117; GO:0045337,carotenoid biosynthetic process; farnesyl diphosphate biosynthetic process,1.2,3.9141235E-4
E-GEOD-19273,Biological function of Pip3,E-GEOD-19273-g9_g7,AT5G52570,GO:0016123,xanthophyll biosynthetic process,3.3,1.973657E-9
E-GEOD-19273,Biological function of Pip3,E-GEOD-19273-g9_g6,AT5G52570,GO:0016123,xanthophyll biosynthetic process,2.9,1.2386136E-8
E-GEOD-19273,Biological function of Pip3,E-GEOD-19273-g9_g6,AT1G50960,GO:0009686,gibberellin biosynthetic process,2.4,6.277641E-7
E-GEOD-19273,Biological function of Pip3,E-GEOD-19273-g9_g8,AT5G52570,GO:0016123,xanthophyll biosynthetic process,2.3,3.1379358E-7
E-GEOD-19273,Biological function of Pip3,E-GEOD-19273-g9_g7,AT1G78510,GO:0008299,isoprenoid biosynthetic process,2.1,3.397353E-8
E-GEOD-19273,Biological function of Pip3,E-GEOD-19273-g9_g5,AT5G52570,GO:0016123,xanthophyll biosynthetic process,2.0,1.0168076E-7
E-GEOD-19273,Biological function of Pip3,E-GEOD-19273-g9_g6,AT4G25700,GO:0016123,xanthophyll biosynthetic process,1.7,1.8842303E-7
E-GEOD-19273,Biological function of Pip3,E-GEOD-19273-g9_g7,AT4G25700,GO:0016123,xanthophyll biosynthetic process,1.7,1.04361895E-7
E-GEOD-19273,Biological function of Pip3,E-GEOD-19273-g9_g6,AT1G17050,GO:0008299,isoprenoid biosynthetic process,1.6,4.8248467E-7
E-GEOD-19520,Transcriptome analysis of Arabidopsis thaliana G protein subunit mutants in response to abscisic acid (ABA),E-GEOD-19520-g1_g4,AT5G52570,GO:0016123,xanthophyll biosynthetic process,3.0,2.1884554E-4
E-GEOD-19520,Transcriptome analysis of Arabidopsis thaliana G protein subunit mutants in response to abscisic acid (ABA),E-GEOD-19520-g5_g13,AT5G52570,GO:0016123,xanthophyll biosynthetic process,2.8,2.425733E-5
E-GEOD-19520,Transcriptome analysis of Arabidopsis thaliana G protein subunit mutants in response to abscisic acid (ABA),E-GEOD-19520-g7_g2,AT5G57030,GO:0016117; GO:0016123,carotenoid biosynthetic process; xanthophyll biosynthetic process,2.6,6.871518E-5
E-GEOD-19520,Transcriptome analysis of Arabidopsis thaliana G protein subunit mutants in response to abscisic acid (ABA),E-GEOD-19520-g11_g3,AT5G57030,GO:0016117; GO:0016123,carotenoid biosynthetic process; xanthophyll biosynthetic process,2.4,1.0981625E-4
E-GEOD-19520,Transcriptome analysis of Arabidopsis thaliana G protein subunit mutants in response to abscisic acid (ABA),E-GEOD-19520-g5_g13,AT5G57030,GO:0016117; GO:0016123,carotenoid biosynthetic process; xanthophyll biosynthetic process,2.4,1.1335609E-5
E-GEOD-19520,Transcriptome analysis of Arabidopsis thaliana G protein subunit mutants in response to abscisic acid (ABA),E-GEOD-19520-g6_g8,AT5G52570,GO:0016123,xanthophyll biosynthetic process,1.5,0.001077344
E-GEOD-20221,Cellulose synthase mutants,E-GEOD-20221-g1_g2,AT4G16740,GO:0016102; GO:0016106; GO:0016114,diterpenoid biosynthetic process; sesquiterpenoid biosynthetic process; terpenoid biosynthetic process,1.9,2.8673563E-5
E-GEOD-20278,The effect of TuMV on translation initiation in Arabidopsis,E-GEOD-20278-g3_g4,AT1G66960,GO:0016104,triterpenoid biosynthetic process,2.8,0.0021482555
E-GEOD-20556,Karrikin responses in Arabidopsis thaliana seed,E-GEOD-20556-g2_g1,AT5G51810,GO:0009686,gibberellin biosynthetic process,2.9,0.003717733
E-GEOD-20556,Karrikin responses in Arabidopsis thaliana seed,E-GEOD-20556-g2_g1,AT1G15550,GO:0009686,gibberellin biosynthetic process,2.6,0.001723901
E-GEOD-20556,Karrikin responses in Arabidopsis thaliana seed,E-GEOD-20556-g4_g3,AT5G51810,GO:0009686,gibberellin biosynthetic process,2.3,0.0051575233
E-GEOD-20556,Karrikin responses in Arabidopsis thaliana seed,E-GEOD-20556-g2_g1,AT5G07200,GO:0009686,gibberellin biosynthetic process,2.2,0.00234348
E-GEOD-20556,Karrikin responses in Arabidopsis thaliana seed,E-GEOD-20556-g4_g3,AT5G07200,GO:0009686,gibberellin biosynthetic process,1.7,0.0040790434
E-GEOD-20556,Karrikin responses in Arabidopsis thaliana seed,E-GEOD-20556-g2_g1,AT5G61780,GO:0009686,gibberellin biosynthetic process,1.4,0.005120928
E-GEOD-20556,Karrikin responses in Arabidopsis thaliana seed,E-GEOD-20556-g2_g1,AT4G25420,GO:0009686,gibberellin biosynthetic process,1.3,0.0020282085
E-GEOD-20556,Karrikin responses in Arabidopsis thaliana seed,E-GEOD-20556-g2_g1,AT5G17230,GO:0016117,carotenoid biosynthetic process,1.1,0.0049306843
E-GEOD-20556,Karrikin responses in Arabidopsis thaliana seed,E-GEOD-20556-g4_g3,AT1G15550,GO:0009686,gibberellin biosynthetic process,1.1,0.009606318
E-GEOD-2169,Transcription profiling of Arabidopsis rre1 and rre2 mutants,E-GEOD-2169-g3_g5,AT2G36690,GO:0009686,gibberellin biosynthetic process,2.9,7.3450025E-7
E-GEOD-2169,Transcription profiling of Arabidopsis rre1 and rre2 mutants,E-GEOD-2169-g6_g1,AT2G36690,GO:0009686,gibberellin biosynthetic process,2.9,4.6522754E-7
E-GEOD-21920,affy_syringae_malaga_athaliana-Role of different proteases in plant defence,E-GEOD-21920-g7_g5,AT1G61120,GO:0016102,diterpenoid biosynthetic process,5.3,1.7527536E-6
E-GEOD-21920,affy_syringae_malaga_athaliana-Role of different proteases in plant defence,E-GEOD-21920-g7_g1,AT1G61120,GO:0016102,diterpenoid biosynthetic process,4.4,9.002345E-5
E-GEOD-21920,affy_syringae_malaga_athaliana-Role of different proteases in plant defence,E-GEOD-21920-g7_g5,AT3G25180,GO:0016114; GO:0046246,terpene biosynthetic process; terpenoid biosynthetic process,4.4,9.030049E-6
E-GEOD-21920,affy_syringae_malaga_athaliana-Role of different proteases in plant defence,E-GEOD-21920-g7_g1,AT1G02400,GO:0009686,gibberellin biosynthetic process,3.7,9.247417E-5
E-GEOD-21920,affy_syringae_malaga_athaliana-Role of different proteases in plant defence,E-GEOD-21920-g2_g4,AT1G30040,GO:0009686,gibberellin biosynthetic process,3.3,2.074149E-7
E-GEOD-21920,affy_syringae_malaga_athaliana-Role of different proteases in plant defence,E-GEOD-21920-g7_g1,AT3G25180,GO:0016114; GO:0046246,terpene biosynthetic process; terpenoid biosynthetic process,3.3,1.0258996E-4
E-GEOD-21920,affy_syringae_malaga_athaliana-Role of different proteases in plant defence,E-GEOD-21920-g7_g5,AT5G52570,GO:0016123,xanthophyll biosynthetic process,3.1,1.24627695E-5
E-GEOD-21920,affy_syringae_malaga_athaliana-Role of different proteases in plant defence,E-GEOD-21920-g2_g3,AT4G16740,GO:0016102; GO:0016106; GO:0016114,diterpenoid biosynthetic process; sesquiterpenoid biosynthetic process; terpenoid biosynthetic process,2.4,8.262968E-5
E-GEOD-21920,affy_syringae_malaga_athaliana-Role of different proteases in plant defence,E-GEOD-21920-g2_g6,AT4G16740,GO:0016102; GO:0016106; GO:0016114,diterpenoid biosynthetic process; sesquiterpenoid biosynthetic process; terpenoid biosynthetic process,1.5,0.005079633
E-GEOD-21920,affy_syringae_malaga_athaliana-Role of different proteases in plant defence,E-GEOD-21920-g2_g6,AT1G61120,GO:0016102,diterpenoid biosynthetic process,1.1,0.009370768
E-GEOD-22159,Micro-array analysis of gene expression in the Arabidopsis chr11-1 chr17-1 mutant,E-GEOD-22159-g2_g1,AT3G21420,GO:1901601,strigolactone biosynthetic process,2.4,5.7144007E-7
E-GEOD-22766,Empty-vector control and transgenic 35S-PaWRKY1 Arabidopsis,E-GEOD-22766-g1_g2,AT4G15110,GO:0016117,carotenoid biosynthetic process,2.4,2.3283376E-4
E-GEOD-23210,Expression data in single and double knockouts of AtNHX5 and AtNHX6 in Arabidopsis,E-GEOD-23210-g2_g1,AT1G78440,GO:0009686,gibberellin biosynthetic process,1.6,1.5342212E-5
E-GEOD-23301,Quantitative transcriptomic analysis of abscisic acid-induced and reactive oxygen species-dependent expression changes and proteomic profiling in Arabidopsis suspension cells,E-GEOD-23301-g1_g2,AT1G02400,GO:0009686,gibberellin biosynthetic process,1.2,0.0020405764
E-GEOD-23329,"Transcriptome analysis of vtc2, abi4-102 and the corresponding double mutant abi4 vtc2",E-GEOD-23329-g3_g1,AT1G66960,GO:0016104,triterpenoid biosynthetic process,3.1,3.7395953E-6
E-GEOD-23330,"Transcriptome analysis of vtc1, abi4-102 and wild type Col 0",E-GEOD-23330-g2_g3,AT1G66960,GO:0016104,triterpenoid biosynthetic process,2.5,7.392515E-10
E-GEOD-23617,The impact of BRCA2A and SSN2 on plant defense genes,E-GEOD-23617-g3_g4,AT1G02400,GO:0009686,gibberellin biosynthetic process,2.1,5.428717E-5
E-GEOD-23617,The impact of BRCA2A and SSN2 on plant defense genes,E-GEOD-23617-g3_g4,AT1G26640,GO:0016114,terpenoid biosynthetic process,2.1,9.39591E-5
E-GEOD-23846,Expression data from siliques of wild type and AtHb1-overexpressing plants under moderate hypoxia and standard conditions,E-GEOD-23846-g1_g3,AT1G61120,GO:0016102,diterpenoid biosynthetic process,1.5,2.5960183E-4
E-GEOD-24348,Expression data of  Arabidopsis thaliana wild-type plants and quadruple nas T-DNA insertion mutants grown under different Fe supply conditions,E-GEOD-24348-g4_g8,AT1G66960,GO:0016104,triterpenoid biosynthetic process,2.2,0.008496172
E-GEOD-2473,Transcription profiling of Arabidopsis inflorescence stages 1-12 from small RNA biogenesis mutants,E-GEOD-2473-g3_g1,AT4G21200,GO:0009686,gibberellin biosynthetic process,1.1,0.0011034383
E-GEOD-24887,Expression data of wild-type and dcl1-15 torpedo-staged embryos,E-GEOD-24887-g1_g2,AT5G44630,GO:0016102; GO:0016106; GO:0051762,diterpenoid biosynthetic process; sesquiterpene biosynthetic process; sesquiterpenoid biosynthetic process,4.0,1.5754107E-6
E-GEOD-24887,Expression data of wild-type and dcl1-15 torpedo-staged embryos,E-GEOD-24887-g1_g2,AT2G36690,GO:0009686,gibberellin biosynthetic process,2.3,1.967798E-5
E-GEOD-25134,"""Expression data from dark-grown BR double mutant bzr1-1D;bri1-116, single mutant bri1-116, and wildtype""",E-GEOD-25134-g1_g3,AT1G78970,GO:0016104,triterpenoid biosynthetic process,2.5,1.4287427E-7
E-GEOD-2538,"Transcription profiling of Arabidopsis seedlings to chito-tetramers, chito-octamers and hydrolized chitin",E-GEOD-2538-g3_g1,AT2G36690,GO:0009686,gibberellin biosynthetic process,2.8,2.0900625E-6
E-GEOD-2538,"Transcription profiling of Arabidopsis seedlings to chito-tetramers, chito-octamers and hydrolized chitin",E-GEOD-2538-g3_g2,AT2G36690,GO:0009686,gibberellin biosynthetic process,2.8,7.2584107E-6
E-GEOD-2538,"Transcription profiling of Arabidopsis seedlings to chito-tetramers, chito-octamers and hydrolized chitin",E-GEOD-2538-g3_g2,AT1G02400,GO:0009686,gibberellin biosynthetic process,2.0,3.0447789E-6
E-GEOD-25489,"""Analysis of the gene expression changes in wild type, tga2tga3tga5tga6, and sid2-2 Arabidopsis thaliana plants after treatment with the safeners mefenpyr and isoxadifen""",E-GEOD-25489-g2_g6,AT1G30040,GO:0009686,gibberellin biosynthetic process,1.8,6.4118003E-6
E-GEOD-25489,"""Analysis of the gene expression changes in wild type, tga2tga3tga5tga6, and sid2-2 Arabidopsis thaliana plants after treatment with the safeners mefenpyr and isoxadifen""",E-GEOD-25489-g2_g6,AT1G03055,GO:1901601,strigolactone biosynthetic process,1.3,1.6533379E-5
E-GEOD-25489,"""Analysis of the gene expression changes in wild type, tga2tga3tga5tga6, and sid2-2 Arabidopsis thaliana plants after treatment with the safeners mefenpyr and isoxadifen""",E-GEOD-25489-g1_g5,AT1G30040,GO:0009686,gibberellin biosynthetic process,1.2,2.0461266E-5
E-GEOD-26206,Expression data in whole Arabidopsis seedlings after treatment with Rhizoctonia solani AG8 and AG2-1,E-GEOD-26206-g3_g1,AT5G48010,GO:0010263,tricyclic triterpenoid biosynthetic process,2.2,5.3781532E-5
E-GEOD-26646,Transcriptome profiling of LecRKVI.2 over-expressor plants.,E-GEOD-26646-g2_g1,AT1G66960,GO:0016104,triterpenoid biosynthetic process,4.3,1.6026026E-5
E-GEOD-26679,Comparison of powdery mildew-induced gene expression between wild type (Col-0) and the edr1 mutant in Arabidopsis thaliana,E-GEOD-26679-g4_g2,AT1G61120,GO:0016102,diterpenoid biosynthetic process,1.9,0.0023589975
E-GEOD-26679,Comparison of powdery mildew-induced gene expression between wild type (Col-0) and the edr1 mutant in Arabidopsis thaliana,E-GEOD-26679-g3_g6,AT1G66960,GO:0016104,triterpenoid biosynthetic process,1.4,6.2114745E-4
E-GEOD-26848,"Expression data from Arabidopsis wt and ga1-3, brm-1, ga1-3/brm-1 mutants",E-GEOD-26848-g4_g2,AT5G51810,GO:0009686,gibberellin biosynthetic process,3.4,5.473162E-6
E-GEOD-26848,"Expression data from Arabidopsis wt and ga1-3, brm-1, ga1-3/brm-1 mutants",E-GEOD-26848-g4_g2,AT1G15550,GO:0009686,gibberellin biosynthetic process,3.1,3.5154019E-6
E-GEOD-26848,"Expression data from Arabidopsis wt and ga1-3, brm-1, ga1-3/brm-1 mutants",E-GEOD-26848-g4_g3,AT5G51810,GO:0009686,gibberellin biosynthetic process,3.0,2.838038E-6
E-GEOD-26848,"Expression data from Arabidopsis wt and ga1-3, brm-1, ga1-3/brm-1 mutants",E-GEOD-26848-g4_g2,AT4G25420,GO:0009686,gibberellin biosynthetic process,2.5,1.7117357E-4
E-GEOD-26848,"Expression data from Arabidopsis wt and ga1-3, brm-1, ga1-3/brm-1 mutants",E-GEOD-26848-g4_g2,AT5G07200,GO:0009686,gibberellin biosynthetic process,2.3,9.494309E-5
E-GEOD-26848,"Expression data from Arabidopsis wt and ga1-3, brm-1, ga1-3/brm-1 mutants",E-GEOD-26848-g4_g1,AT1G79460,GO:0009686,gibberellin biosynthetic process,1.7,2.1406099E-4
E-GEOD-27475,Expression data from wild-type and AtERF73/HRE1 knock-down line under hypoxia in Arabidopsis seedlings,E-GEOD-27475-g1_g3,AT2G36690,GO:0009686,gibberellin biosynthetic process,3.0,2.240599E-10
E-GEOD-27861,Rice A20/AN1 zinc-finger containing stress-associated proteins (SAP1/11) and a receptor-like cytoplasmic kinase (OsRLCK253) interact via A20 zinc-finger and confer abiotic stress tolerance in transgenic Arabidopsis plants,E-GEOD-27861-g1_g2,AT5G52570,GO:0016123,xanthophyll biosynthetic process,2.5,1.4527518E-6
E-GEOD-27861,Rice A20/AN1 zinc-finger containing stress-associated proteins (SAP1/11) and a receptor-like cytoplasmic kinase (OsRLCK253) interact via A20 zinc-finger and confer abiotic stress tolerance in transgenic Arabidopsis plants,E-GEOD-27861-g1_g3,AT5G52570,GO:0016123,xanthophyll biosynthetic process,1.8,7.200405E-7
E-GEOD-27861,Rice A20/AN1 zinc-finger containing stress-associated proteins (SAP1/11) and a receptor-like cytoplasmic kinase (OsRLCK253) interact via A20 zinc-finger and confer abiotic stress tolerance in transgenic Arabidopsis plants,E-GEOD-27861-g1_g2,AT5G67030,GO:0016123,xanthophyll biosynthetic process,1.5,3.650054E-5
E-GEOD-27861,Rice A20/AN1 zinc-finger containing stress-associated proteins (SAP1/11) and a receptor-like cytoplasmic kinase (OsRLCK253) interact via A20 zinc-finger and confer abiotic stress tolerance in transgenic Arabidopsis plants,E-GEOD-27861-g1_g3,AT5G67030,GO:0016123,xanthophyll biosynthetic process,1.4,1.5344543E-5
E-GEOD-27985,"Microarray analysis of  Arabidopsis Col-0 and catalase 2 mutant define interactions between CO2, daylength and H2O2",E-GEOD-27985-g8_g3,AT5G52570,GO:0016123,xanthophyll biosynthetic process,2.4,5.225721E-4
E-GEOD-27985,"Microarray analysis of  Arabidopsis Col-0 and catalase 2 mutant define interactions between CO2, daylength and H2O2",E-GEOD-27985-g10_g5,AT5G52570,GO:0016123,xanthophyll biosynthetic process,1.7,2.3044729E-4
E-GEOD-28062,LEAFY target genes reveal a link between flower development and biotic stimulus response (III),E-GEOD-28062-g1_g2,AT1G30040,GO:0009686,gibberellin biosynthetic process,2.0,2.7245383E-7
E-GEOD-28062,LEAFY target genes reveal a link between flower development and biotic stimulus response (III),E-GEOD-28062-g1_g2,AT4G25420,GO:0009686,gibberellin biosynthetic process,1.9,5.53274E-7
E-GEOD-28227,Comparison of gene expression profiles between erf5/6 and WT Arabidopsis in response to chitooctaose,E-GEOD-28227-g3_g1,AT2G36690,GO:0009686,gibberellin biosynthetic process,2.6,1.2232165E-8
E-GEOD-28275,"Microarray hybridization data from the root tips of 5-day-old Arabidopsis thaliana seedlings grown on tilted, hard agar surfaces",E-GEOD-28275-g2_g1,AT4G20230,GO:0016102; GO:0016114,diterpenoid biosynthetic process; terpenoid biosynthetic process,4.0,1.9052923E-5
E-GEOD-28275,"Microarray hybridization data from the root tips of 5-day-old Arabidopsis thaliana seedlings grown on tilted, hard agar surfaces",E-GEOD-28275-g2_g1,AT5G07200,GO:0009686,gibberellin biosynthetic process,2.0,1.1853197E-4
E-GEOD-28431,Skipsey: Fenclorim safening of Arabidopsis,E-GEOD-28431-g3_g2,AT5G07200,GO:0009686,gibberellin biosynthetic process,2.5,3.1347046E-4
E-GEOD-28431,Skipsey: Fenclorim safening of Arabidopsis,E-GEOD-28431-g3_g2,AT5G52570,GO:0016123,xanthophyll biosynthetic process,2.1,3.1635896E-4
E-GEOD-28446,Expression data from Arabidopsis mature siliques,E-GEOD-28446-g1_g2,AT2G20180,GO:0009686,gibberellin biosynthetic process,1.5,1.282872E-4
E-GEOD-28446,Expression data from Arabidopsis mature siliques,E-GEOD-28446-g1_g2,AT1G02400,GO:0009686,gibberellin biosynthetic process,1.4,5.244621E-5
E-GEOD-29086,Arabidopsis root Fe deficiency transcriptome,E-GEOD-29086-g3_g2,AT3G29410,GO:0016102; GO:0016114,diterpenoid biosynthetic process; terpenoid biosynthetic process,1.4,0.004020072
E-GEOD-29187,Impact of RAP2.12 alterations on gene expression in hypoxic and aerobic conditions in Arabidopsis thaliana,E-GEOD-29187-g1_g6,AT1G02400,GO:0009686,gibberellin biosynthetic process,1.1,3.0883116E-4
E-GEOD-29589,Comparison of root transcriptomes in Arabidopsis thaliana plants supplied with different forms of inorganic nitrogen,E-GEOD-29589-g1_g3,AT4G15340,GO:0010263; GO:0016104,tricyclic triterpenoid biosynthetic process; triterpenoid biosynthetic process,2.5,2.0531485E-7
E-GEOD-29589,Comparison of root transcriptomes in Arabidopsis thaliana plants supplied with different forms of inorganic nitrogen,E-GEOD-29589-g1_g5,AT4G15340,GO:0010263; GO:0016104,tricyclic triterpenoid biosynthetic process; triterpenoid biosynthetic process,1.9,1.9024671E-6
E-GEOD-29657,Translational control: a new dimension in the regulation of Arabidopsis photomorphogenesis,E-GEOD-29657-g3_g2,AT1G78440,GO:0009686,gibberellin biosynthetic process,3.8,1.2627974E-6
E-GEOD-29657,Translational control: a new dimension in the regulation of Arabidopsis photomorphogenesis,E-GEOD-29657-g6_g5,AT1G17050,GO:0008299,isoprenoid biosynthetic process,3.8,3.4980458E-6
E-GEOD-29657,Translational control: a new dimension in the regulation of Arabidopsis photomorphogenesis,E-GEOD-29657-g6_g5,AT1G78440,GO:0009686,gibberellin biosynthetic process,3.7,4.2457305E-6
E-GEOD-29657,Translational control: a new dimension in the regulation of Arabidopsis photomorphogenesis,E-GEOD-29657-g6_g5,AT5G67030,GO:0016123,xanthophyll biosynthetic process,3.2,1.9876074E-6
E-GEOD-29657,Translational control: a new dimension in the regulation of Arabidopsis photomorphogenesis,E-GEOD-29657-g3_g2,AT1G31800,GO:0016117; GO:0016123,carotenoid biosynthetic process; xanthophyll biosynthetic process,2.7,1.4776977E-6
E-GEOD-29657,Translational control: a new dimension in the regulation of Arabidopsis photomorphogenesis,E-GEOD-29657-g3_g2,AT5G67030,GO:0016123,xanthophyll biosynthetic process,2.6,1.0628748E-6
E-GEOD-29657,Translational control: a new dimension in the regulation of Arabidopsis photomorphogenesis,E-GEOD-29657-g6_g5,AT5G17230,GO:0016117,carotenoid biosynthetic process,2.5,3.709473E-6
E-GEOD-29814,Molecular profiling of stomatal lineage cell states,E-GEOD-29814-g1_g2,AT2G18620,GO:0016117; GO:0045337,carotenoid biosynthetic process; farnesyl diphosphate biosynthetic process,2.3,4.3842088E-6
E-GEOD-30030,Gene expression in pif3 mutant under dark and in wt under Red 1h and Red 18h,E-GEOD-30030-g7_g6,AT1G31800,GO:0016117; GO:0016123,carotenoid biosynthetic process; xanthophyll biosynthetic process,2.4,3.4360644E-5
E-GEOD-30030,Gene expression in pif3 mutant under dark and in wt under Red 1h and Red 18h,E-GEOD-30030-g7_g6,AT5G52570,GO:0016123,xanthophyll biosynthetic process,2.0,2.9795132E-5
E-GEOD-30030,Gene expression in pif3 mutant under dark and in wt under Red 1h and Red 18h,E-GEOD-30030-g7_g6,AT1G63970,GO:0016114; GO:0016117,carotenoid biosynthetic process; terpenoid biosynthetic process,1.6,3.8020695E-5
E-GEOD-30095,Expression analysis of root cell types after treatment with low pH,E-GEOD-30095-g5_g9,AT1G30040,GO:0009686,gibberellin biosynthetic process,2.2,1.08557455E-4
E-GEOD-30095,Expression analysis of root cell types after treatment with low pH,E-GEOD-30095-g5_g9,AT5G25900,GO:0009686,gibberellin biosynthetic process,2.0,2.8644403E-4
E-GEOD-30095,Expression analysis of root cell types after treatment with low pH,E-GEOD-30095-g5_g9,AT5G52570,GO:0016123,xanthophyll biosynthetic process,1.7,2.4147831E-4
E-GEOD-30223,Expression data of germinating Arabidopsis seeds,E-GEOD-30223-g5_g4,AT5G51810,GO:0009686,gibberellin biosynthetic process,6.4,5.0517417E-11
E-GEOD-30223,Expression data of germinating Arabidopsis seeds,E-GEOD-30223-g5_g4,AT4G25420,GO:0009686,gibberellin biosynthetic process,4.1,2.8353958E-10
E-GEOD-30223,Expression data of germinating Arabidopsis seeds,E-GEOD-30223-g7_g6,AT1G80340,GO:0009686,gibberellin biosynthetic process,3.8,2.1537352E-9
E-GEOD-30223,Expression data of germinating Arabidopsis seeds,E-GEOD-30223-g5_g4,AT5G07200,GO:0009686,gibberellin biosynthetic process,3.7,9.7635545E-11
E-GEOD-30223,Expression data of germinating Arabidopsis seeds,E-GEOD-30223-g4_g3,AT5G07200,GO:0009686,gibberellin biosynthetic process,2.8,1.170676E-7
E-GEOD-30492,Transcriptomic characterization of a synergistic genetic interaction during carpel margin meristem development,E-GEOD-30492-g4_g3,AT5G44630,GO:0016102; GO:0016106; GO:0051762,diterpenoid biosynthetic process; sesquiterpene biosynthetic process; sesquiterpenoid biosynthetic process,1.8,5.9078407E-4
E-GEOD-30702,Expression data from Arabidopsis GR-REVOLUTA and KANADI1-GR transgenic seedlings,E-GEOD-30702-g14_g13,AT5G07200,GO:0009686,gibberellin biosynthetic process,1.6,4.808701E-6
E-GEOD-30702,Expression data from Arabidopsis GR-REVOLUTA and KANADI1-GR transgenic seedlings,E-GEOD-30702-g14_g13,AT2G20180,GO:0009686,gibberellin biosynthetic process,1.1,2.5262034E-5
E-GEOD-30702,Expression data from Arabidopsis GR-REVOLUTA and KANADI1-GR transgenic seedlings,E-GEOD-30702-g8_g7,AT1G15550,GO:0009686,gibberellin biosynthetic process,1.1,2.5924898E-4
E-GEOD-31587,"Expression data of Arabidopsis thaliana (Ler accession) phytochrome phyABCDE quintuple mutant and phyABDE quadruple mutant in response to red light, and their comparison to WT expression data",E-GEOD-31587-g5_g1,AT5G07200,GO:0009686,gibberellin biosynthetic process,4.6,8.998217E-8
E-GEOD-31587,"Expression data of Arabidopsis thaliana (Ler accession) phytochrome phyABCDE quintuple mutant and phyABDE quadruple mutant in response to red light, and their comparison to WT expression data",E-GEOD-31587-g5_g1,AT1G30040,GO:0009686,gibberellin biosynthetic process,1.8,1.4685113E-5
E-GEOD-31639,Identify differentially expressed genes in 14-day-old pkl seedlings,E-GEOD-31639-g1_g2,AT1G68320,GO:0009686,gibberellin biosynthetic process,1.7,0.0039514913
E-GEOD-32566,Exogenous Sulfide Reverses the Alteration of Transcriptional Profiling of the des1-1 Mutant (Arabidopsis thaliana),E-GEOD-32566-g4_g2,AT5G52570,GO:0016123,xanthophyll biosynthetic process,2.9,1.9154918E-9
E-GEOD-32566,Exogenous Sulfide Reverses the Alteration of Transcriptional Profiling of the des1-1 Mutant (Arabidopsis thaliana),E-GEOD-32566-g4_g2,AT4G25700,GO:0016123,xanthophyll biosynthetic process,2.3,6.940459E-9
E-GEOD-32566,Exogenous Sulfide Reverses the Alteration of Transcriptional Profiling of the des1-1 Mutant (Arabidopsis thaliana),E-GEOD-32566-g4_g2,AT1G78510,GO:0008299,isoprenoid biosynthetic process,2.1,1.1337387E-8
E-GEOD-33344,ABI3 Network Walking,E-GEOD-33344-g1_g4,AT2G36690,GO:0009686,gibberellin biosynthetic process,4.5,4.0297354E-7
E-GEOD-33344,ABI3 Network Walking,E-GEOD-33344-g1_g2,AT2G36690,GO:0009686,gibberellin biosynthetic process,4.4,7.266525E-8
E-GEOD-33344,ABI3 Network Walking,E-GEOD-33344-g1_g2,AT3G53130,GO:0016117,carotenoid biosynthetic process,4.2,1.4722998E-7
E-GEOD-33344,ABI3 Network Walking,E-GEOD-33344-g1_g4,AT3G53130,GO:0016117,carotenoid biosynthetic process,4.2,9.95665E-7
E-GEOD-34209,Transcriptome analysis of genes regulated by overexpression of LATERAL ORGAN BOUNDARIES (LOB) in Arabidopsis thaliana,E-GEOD-34209-g2_g1,AT4G15110,GO:0016117,carotenoid biosynthetic process,2.8,1.4898007E-8
E-GEOD-34209,Transcriptome analysis of genes regulated by overexpression of LATERAL ORGAN BOUNDARIES (LOB) in Arabidopsis thaliana,E-GEOD-34209-g4_g3,AT4G15110,GO:0016117,carotenoid biosynthetic process,2.7,1.04005915E-8
E-GEOD-34654,Genome-wide identification of non-coding RNAs targeted by XRN exoribonucleases in collaboration with FRY1 using RNA-Seq in Arabidopsis thaliana.,E-GEOD-34654-g2_g1,AT4G23660,GO:0008299,isoprenoid biosynthetic process,1.9,4.6256145E-35
E-GEOD-34667,Expression data from ozone-treated wild-type and G-protein null mutant Arabidopsis lines,E-GEOD-34667-g4_g8,AT1G66960,GO:0016104,triterpenoid biosynthetic process,3.2,9.915412E-4
E-GEOD-34667,Expression data from ozone-treated wild-type and G-protein null mutant Arabidopsis lines,E-GEOD-34667-g2_g6,AT1G66960,GO:0016104,triterpenoid biosynthetic process,2.6,0.003883903
E-GEOD-35057,Phytochrome Interacting Factor 4 and 5 regulate different set of genes in high and low red/far-red light,E-GEOD-35057-g8_g4,AT1G02400,GO:0009686,gibberellin biosynthetic process,1.6,8.292364E-6
E-GEOD-35166,Regulation of inflorescence architecture by inter-tissue-layer ligand-receptor communication between endodermis and phloem,E-GEOD-35166-g3_g2,AT4G25420,GO:0009686,gibberellin biosynthetic process,1.5,1.1744905E-4
E-GEOD-35580,Cell type-specific auxin responses in the Arabidopsis thaliana root,E-GEOD-35580-g6_g1,AT4G21200,GO:0009686,gibberellin biosynthetic process,6.1,1.03876765E-7
E-GEOD-35580,Cell type-specific auxin responses in the Arabidopsis thaliana root,E-GEOD-35580-g7_g2,AT4G21200,GO:0009686,gibberellin biosynthetic process,5.8,1.12866175E-7
E-GEOD-35580,Cell type-specific auxin responses in the Arabidopsis thaliana root,E-GEOD-35580-g8_g3,AT4G21200,GO:0009686,gibberellin biosynthetic process,5.1,5.374163E-7
E-GEOD-35580,Cell type-specific auxin responses in the Arabidopsis thaliana root,E-GEOD-35580-g9_g4,AT4G21200,GO:0009686,gibberellin biosynthetic process,5.0,6.834373E-9
E-GEOD-35580,Cell type-specific auxin responses in the Arabidopsis thaliana root,E-GEOD-35580-g6_g1,AT1G02400,GO:0009686,gibberellin biosynthetic process,2.6,2.2597971E-5
E-GEOD-35580,Cell type-specific auxin responses in the Arabidopsis thaliana root,E-GEOD-35580-g8_g3,AT3G21420,GO:1901601,strigolactone biosynthetic process,1.9,9.811203E-4
E-GEOD-35893,Transcript profiling of Arabidopsis msh1 mutants,E-GEOD-35893-g3_g1,AT4G25700,GO:0016123,xanthophyll biosynthetic process,1.5,7.9663633E-4
E-GEOD-36011,Cyclin-dependent protein kinase E;1 (CDKE;1) is an essential component for mitochondrial retrograde signalling in Arabidopsis thaliana,E-GEOD-36011-g6_g3,AT1G30040,GO:0009686,gibberellin biosynthetic process,4.3,4.1709313E-8
E-GEOD-36011,Cyclin-dependent protein kinase E;1 (CDKE;1) is an essential component for mitochondrial retrograde signalling in Arabidopsis thaliana,E-GEOD-36011-g4_g1,AT1G30040,GO:0009686,gibberellin biosynthetic process,3.9,2.55856E-7
E-GEOD-36011,Cyclin-dependent protein kinase E;1 (CDKE;1) is an essential component for mitochondrial retrograde signalling in Arabidopsis thaliana,E-GEOD-36011-g5_g2,AT1G30040,GO:0009686,gibberellin biosynthetic process,3.9,1.154562E-6
E-GEOD-36581,"Expression data from 10-days old dark grown Arabidopsis seedlings of wild type (Col-0), sps1 line and L17 line.",E-GEOD-36581-g3_g2,AT1G64680,GO:1901601,strigolactone biosynthetic process,2.8,2.6161095E-5
E-GEOD-36581,"Expression data from 10-days old dark grown Arabidopsis seedlings of wild type (Col-0), sps1 line and L17 line.",E-GEOD-36581-g3_g2,AT1G31800,GO:0016117; GO:0016123,carotenoid biosynthetic process; xanthophyll biosynthetic process,1.6,1.8770617E-4
E-GEOD-36789,Transcriptome Profiling of Roots and leaves Under High Osmotic Stress in Arabidopsis,E-GEOD-36789-g2_g5,AT4G15330,GO:0046246,terpene biosynthetic process,2.7,1.6580952E-5
E-GEOD-36789,Transcriptome Profiling of Roots and leaves Under High Osmotic Stress in Arabidopsis,E-GEOD-36789-g2_g5,AT5G42600,GO:0016104,triterpenoid biosynthetic process,2.7,2.1565183E-5
E-GEOD-36789,Transcriptome Profiling of Roots and leaves Under High Osmotic Stress in Arabidopsis,E-GEOD-36789-g2_g6,AT3G25820,GO:0016102; GO:0016114,diterpenoid biosynthetic process; terpenoid biosynthetic process,2.7,1.0627268E-4
E-GEOD-36789,Transcriptome Profiling of Roots and leaves Under High Osmotic Stress in Arabidopsis,E-GEOD-36789-g2_g6,AT4G13280,GO:0016102; GO:0016106,diterpenoid biosynthetic process; sesquiterpenoid biosynthetic process,2.4,0.0012779676
E-GEOD-36789,Transcriptome Profiling of Roots and leaves Under High Osmotic Stress in Arabidopsis,E-GEOD-36789-g2_g6,AT1G78950,GO:0016104,triterpenoid biosynthetic process,2.3,3.044251E-4
E-GEOD-36789,Transcriptome Profiling of Roots and leaves Under High Osmotic Stress in Arabidopsis,E-GEOD-36789-g1_g3,AT1G02400,GO:0009686,gibberellin biosynthetic process,1.7,3.054493E-4
E-GEOD-36789,Transcriptome Profiling of Roots and leaves Under High Osmotic Stress in Arabidopsis,E-GEOD-36789-g2_g5,AT1G02400,GO:0009686,gibberellin biosynthetic process,1.5,1.793535E-5
E-GEOD-38281,Expression data from leafminer-damaged Arabidopsis thaliana,E-GEOD-38281-g1_g2,AT1G61120,GO:0016102,diterpenoid biosynthetic process,6.9,3.6567133E-6
E-GEOD-38281,Expression data from leafminer-damaged Arabidopsis thaliana,E-GEOD-38281-g1_g2,AT3G25180,GO:0016114; GO:0046246,terpene biosynthetic process; terpenoid biosynthetic process,4.7,1.4072693E-6
E-GEOD-38281,Expression data from leafminer-damaged Arabidopsis thaliana,E-GEOD-38281-g1_g2,AT1G02400,GO:0009686,gibberellin biosynthetic process,4.4,2.5082195E-6
E-GEOD-38281,Expression data from leafminer-damaged Arabidopsis thaliana,E-GEOD-38281-g1_g2,AT4G16730,GO:0016102,diterpenoid biosynthetic process,2.9,3.2312198E-6
E-GEOD-38965,Effect of oligomycin on transcript levels in Arabidopsis seedling cultures,E-GEOD-38965-g4_g1,AT1G30040,GO:0009686,gibberellin biosynthetic process,3.3,1.8069275E-9
E-GEOD-39214,Genome-wide identification of PIF3-binding sites and direct-target genes of PIF3 transcriptional regulation in skotomorphogenesis [RNA-Seq],E-GEOD-39214-g1_g2,AT2G20180,GO:0009686,gibberellin biosynthetic process,2.0,1.8936286E-13
E-GEOD-39236,The rsa1-1 mutation affects global gene expression in Arabidopsis thaliana with or without salt stress,E-GEOD-39236-g2_g4,AT5G42600,GO:0016104,triterpenoid biosynthetic process,1.5,6.8613404E-6
E-GEOD-39463,Time-course RNA-seq analysis of the barley MLA1 immune receptor-mediated response to barley powdery mildew fungus Bgh in Arabidopsis thaliana,E-GEOD-39463-g4_g3,AT5G52570,GO:0016123,xanthophyll biosynthetic process,4.9,0.0
E-GEOD-39463,Time-course RNA-seq analysis of the barley MLA1 immune receptor-mediated response to barley powdery mildew fungus Bgh in Arabidopsis thaliana,E-GEOD-39463-g16_g15,AT5G52570,GO:0016123,xanthophyll biosynthetic process,4.6,0.0
E-GEOD-39463,Time-course RNA-seq analysis of the barley MLA1 immune receptor-mediated response to barley powdery mildew fungus Bgh in Arabidopsis thaliana,E-GEOD-39463-g8_g7,AT5G52570,GO:0016123,xanthophyll biosynthetic process,4.6,0.0
E-GEOD-39463,Time-course RNA-seq analysis of the barley MLA1 immune receptor-mediated response to barley powdery mildew fungus Bgh in Arabidopsis thaliana,E-GEOD-39463-g8_g7,AT5G67030,GO:0016123,xanthophyll biosynthetic process,2.4,0.0
E-GEOD-39463,Time-course RNA-seq analysis of the barley MLA1 immune receptor-mediated response to barley powdery mildew fungus Bgh in Arabidopsis thaliana,E-GEOD-39463-g12_g11,AT5G67030,GO:0016123,xanthophyll biosynthetic process,2.3,0.0
E-GEOD-39463,Time-course RNA-seq analysis of the barley MLA1 immune receptor-mediated response to barley powdery mildew fungus Bgh in Arabidopsis thaliana,E-GEOD-39463-g16_g15,AT5G67030,GO:0016123,xanthophyll biosynthetic process,2.2,0.0
E-GEOD-39463,Time-course RNA-seq analysis of the barley MLA1 immune receptor-mediated response to barley powdery mildew fungus Bgh in Arabidopsis thaliana,E-GEOD-39463-g4_g3,AT5G67030,GO:0016123,xanthophyll biosynthetic process,2.2,0.0
E-GEOD-39690,Transcriptome analysis of ire1 mutants after treatment with or without tunicamycin in the presence of actinomycin D,E-GEOD-39690-g4_g3,AT1G76490,GO:0008299,isoprenoid biosynthetic process,1.2,1.2161869E-4
E-GEOD-40076,Expression data from Arabidopsis roots and shoots grown with or without iron,E-GEOD-40076-g5_g1,AT3G29410,GO:0016102; GO:0016114,diterpenoid biosynthetic process; terpenoid biosynthetic process,3.2,4.8021182E-5
E-GEOD-40076,Expression data from Arabidopsis roots and shoots grown with or without iron,E-GEOD-40076-g8_g6,AT1G61120,GO:0016102,diterpenoid biosynthetic process,3.1,0.0020181404
E-GEOD-40076,Expression data from Arabidopsis roots and shoots grown with or without iron,E-GEOD-40076-g7_g3,AT3G29410,GO:0016102; GO:0016114,diterpenoid biosynthetic process; terpenoid biosynthetic process,2.8,4.230662E-5
E-GEOD-40076,Expression data from Arabidopsis roots and shoots grown with or without iron,E-GEOD-40076-g5_g1,AT4G20230,GO:0016102; GO:0016114,diterpenoid biosynthetic process; terpenoid biosynthetic process,1.3,1.3403632E-4
E-GEOD-40076,Expression data from Arabidopsis roots and shoots grown with or without iron,E-GEOD-40076-g7_g5,AT5G51810,GO:0009686,gibberellin biosynthetic process,1.2,0.0020461723
E-GEOD-40245,Identification of glucose-TOR signaling early target genes in Arabidopsis seedling autotrophic transition stage,E-GEOD-40245-g2_g1,AT1G78960,GO:0016104,triterpenoid biosynthetic process,6.4,1.9245747E-6
E-GEOD-40245,Identification of glucose-TOR signaling early target genes in Arabidopsis seedling autotrophic transition stage,E-GEOD-40245-g4_g3,AT1G78960,GO:0016104,triterpenoid biosynthetic process,6.2,2.7631474E-6
E-GEOD-40245,Identification of glucose-TOR signaling early target genes in Arabidopsis seedling autotrophic transition stage,E-GEOD-40245-g4_g3,AT4G11820,GO:0010142,"farnesyl diphosphate biosynthetic process, mevalonate pathway",1.5,0.0011911935
E-GEOD-40354,Expression analysis of Arabidopsis ein2 and bak1 mutants treated with the elicitors elf18 and Pep2.,E-GEOD-40354-g15_g7,AT5G48010,GO:0010263,tricyclic triterpenoid biosynthetic process,3.8,3.3802124E-5
E-GEOD-40354,Expression analysis of Arabidopsis ein2 and bak1 mutants treated with the elicitors elf18 and Pep2.,E-GEOD-40354-g13_g6,AT5G42600,GO:0016104,triterpenoid biosynthetic process,3.6,8.12541E-5
E-GEOD-40354,Expression analysis of Arabidopsis ein2 and bak1 mutants treated with the elicitors elf18 and Pep2.,E-GEOD-40354-g17_g9,AT5G48010,GO:0010263,tricyclic triterpenoid biosynthetic process,3.6,7.6375005E-7
E-GEOD-40354,Expression analysis of Arabidopsis ein2 and bak1 mutants treated with the elicitors elf18 and Pep2.,E-GEOD-40354-g17_g9,AT5G42600,GO:0016104,triterpenoid biosynthetic process,2.8,4.6255136E-5
E-GEOD-40354,Expression analysis of Arabidopsis ein2 and bak1 mutants treated with the elicitors elf18 and Pep2.,E-GEOD-40354-g16_g8,AT5G42600,GO:0016104,triterpenoid biosynthetic process,2.4,6.0287616E-6
E-GEOD-40354,Expression analysis of Arabidopsis ein2 and bak1 mutants treated with the elicitors elf18 and Pep2.,E-GEOD-40354-g16_g8,AT5G48010,GO:0010263,tricyclic triterpenoid biosynthetic process,2.4,1.2655907E-5
E-GEOD-40354,Expression analysis of Arabidopsis ein2 and bak1 mutants treated with the elicitors elf18 and Pep2.,E-GEOD-40354-g15_g7,AT5G42600,GO:0016104,triterpenoid biosynthetic process,2.2,1.1626954E-5
E-GEOD-40354,Expression analysis of Arabidopsis ein2 and bak1 mutants treated with the elicitors elf18 and Pep2.,E-GEOD-40354-g14_g11,AT4G20230,GO:0016102; GO:0016114,diterpenoid biosynthetic process; terpenoid biosynthetic process,1.7,2.875065E-6
E-GEOD-40354,Expression analysis of Arabidopsis ein2 and bak1 mutants treated with the elicitors elf18 and Pep2.,E-GEOD-40354-g15_g7,AT3G32030,GO:0016102; GO:0016114,diterpenoid biosynthetic process; terpenoid biosynthetic process,1.7,2.7213762E-5
E-GEOD-40354,Expression analysis of Arabidopsis ein2 and bak1 mutants treated with the elicitors elf18 and Pep2.,E-GEOD-40354-g14_g11,AT5G48010,GO:0010263,tricyclic triterpenoid biosynthetic process,1.5,9.3725737E-7
E-GEOD-40354,Expression analysis of Arabidopsis ein2 and bak1 mutants treated with the elicitors elf18 and Pep2.,E-GEOD-40354-g13_g6,AT3G25820,GO:0016102; GO:0016114,diterpenoid biosynthetic process; terpenoid biosynthetic process,1.3,6.0069702E-5
E-GEOD-40354,Expression analysis of Arabidopsis ein2 and bak1 mutants treated with the elicitors elf18 and Pep2.,E-GEOD-40354-g17_g9,AT4G20230,GO:0016102; GO:0016114,diterpenoid biosynthetic process; terpenoid biosynthetic process,1.3,3.587611E-5
E-GEOD-40518,Comparison of gene expression in Arabidopsis 5th and 6th rosette leaves  between gtl1-1 mutant and wild type,E-GEOD-40518-g2_g1,AT3G29410,GO:0016102; GO:0016114,diterpenoid biosynthetic process; terpenoid biosynthetic process,1.5,2.0408203E-4
E-GEOD-41136,"Arabidopsis transcription factor ANAC017 is a necessary and central control point for normal transcriptome changes in response to reactive oxygen signals, such as H2O2, and specific mitochondrial retrograde stress signals",E-GEOD-41136-g12_g4,AT1G30040,GO:0009686,gibberellin biosynthetic process,3.6,3.829797E-6
E-GEOD-41136,"Arabidopsis transcription factor ANAC017 is a necessary and central control point for normal transcriptome changes in response to reactive oxygen signals, such as H2O2, and specific mitochondrial retrograde stress signals",E-GEOD-41136-g11_g3,AT1G30040,GO:0009686,gibberellin biosynthetic process,2.6,4.5228776E-6
E-GEOD-41136,"Arabidopsis transcription factor ANAC017 is a necessary and central control point for normal transcriptome changes in response to reactive oxygen signals, such as H2O2, and specific mitochondrial retrograde stress signals",E-GEOD-41136-g11_g3,AT2G36690,GO:0009686,gibberellin biosynthetic process,2.1,6.005248E-6
E-GEOD-41779,Current injection and distal wound response in Arabidopsis thaliana,E-GEOD-41779-g4_g2,AT3G25180,GO:0016114; GO:0046246,terpene biosynthetic process; terpenoid biosynthetic process,5.7,9.1955945E-9
E-GEOD-41779,Current injection and distal wound response in Arabidopsis thaliana,E-GEOD-41779-g4_g2,AT1G61120,GO:0016102,diterpenoid biosynthetic process,5.6,4.309254E-9
E-GEOD-41779,Current injection and distal wound response in Arabidopsis thaliana,E-GEOD-41779-g4_g2,AT2G24210,GO:0016099; GO:0016102,diterpenoid biosynthetic process; monoterpenoid biosynthetic process,4.7,1.4624946E-9
E-GEOD-41779,Current injection and distal wound response in Arabidopsis thaliana,E-GEOD-41779-g3_g1,AT1G61120,GO:0016102,diterpenoid biosynthetic process,4.3,3.2736908E-4
E-GEOD-41779,Current injection and distal wound response in Arabidopsis thaliana,E-GEOD-41779-g3_g1,AT3G25180,GO:0016114; GO:0046246,terpene biosynthetic process; terpenoid biosynthetic process,3.3,0.0010089446
E-GEOD-41779,Current injection and distal wound response in Arabidopsis thaliana,E-GEOD-41779-g4_g2,AT5G52570,GO:0016123,xanthophyll biosynthetic process,2.9,8.861925E-8
E-GEOD-41779,Current injection and distal wound response in Arabidopsis thaliana,E-GEOD-41779-g4_g2,AT5G61780,GO:0009686,gibberellin biosynthetic process,1.8,2.6740688E-7
E-GEOD-431,Transcription profiling of Arabidopsis callose synthase deficient (pmr4-1) mutant and wild type plants infected with powdery mildew,E-GEOD-431-g1_g2,AT1G66960,GO:0016104,triterpenoid biosynthetic process,1.5,1.7845783E-5
E-GEOD-431,Transcription profiling of Arabidopsis callose synthase deficient (pmr4-1) mutant and wild type plants infected with powdery mildew,E-GEOD-431-g3_g4,AT1G66960,GO:0016104,triterpenoid biosynthetic process,1.1,1.6942326E-5
E-GEOD-43865,Genome-wide analysis of LINK1 and LINK2 effects on the Arabidopsis transcriptome,E-GEOD-43865-g12_g4,AT5G52570,GO:0016123,xanthophyll biosynthetic process,1.9,7.663242E-17
E-GEOD-43865,Genome-wide analysis of LINK1 and LINK2 effects on the Arabidopsis transcriptome,E-GEOD-43865-g12_g4,AT5G67030,GO:0016123,xanthophyll biosynthetic process,1.1,1.7285504E-25
E-GEOD-43883,affy_ath_2012_05-Arabidopsis Ubiquitin-Like Proteases characterization,E-GEOD-43883-g4_g3,AT1G02400,GO:0009686,gibberellin biosynthetic process,1.3,0.0018695478
E-GEOD-46050,Gene expression in Arabidopsis ddm1 mutants with high levels of Transposable Element activity,E-GEOD-46050-g2_g1,AT3G29110,GO:0016102,diterpenoid biosynthetic process,1.1,4.825349E-5
E-GEOD-46621,Expression data from Arabidopsis thaliana seedlings,E-GEOD-46621-g1_g3,AT1G17050,GO:0008299,isoprenoid biosynthetic process,5.1,2.4377732E-5
E-GEOD-46621,Expression data from Arabidopsis thaliana seedlings,E-GEOD-46621-g1_g3,AT2G26170,GO:0016117,carotenoid biosynthetic process,2.6,1.4820698E-5
E-GEOD-46621,Expression data from Arabidopsis thaliana seedlings,E-GEOD-46621-g1_g3,AT5G52570,GO:0016123,xanthophyll biosynthetic process,2.5,2.2230732E-5
E-GEOD-46621,Expression data from Arabidopsis thaliana seedlings,E-GEOD-46621-g4_g2,AT1G17050,GO:0008299,isoprenoid biosynthetic process,1.8,4.7137437E-5
E-GEOD-4733,"Transcription profiling of Arabidopsis male-sterile opr3 mutant stamens treated with jasmonate or its precursor, 12-oxophytodienoic acid",E-GEOD-4733-g6_g7,AT4G16730,GO:0016102,diterpenoid biosynthetic process,6.8,2.3524875E-7
E-GEOD-4733,"Transcription profiling of Arabidopsis male-sterile opr3 mutant stamens treated with jasmonate or its precursor, 12-oxophytodienoic acid",E-GEOD-4733-g6_g7,AT1G61680,GO:0016114; GO:0043693,monoterpene biosynthetic process; terpenoid biosynthetic process,6.3,1.6961294E-5
E-GEOD-4733,"Transcription profiling of Arabidopsis male-sterile opr3 mutant stamens treated with jasmonate or its precursor, 12-oxophytodienoic acid",E-GEOD-4733-g6_g7,AT2G24210,GO:0016099; GO:0016102,diterpenoid biosynthetic process; monoterpenoid biosynthetic process,6.0,1.5717442E-5
E-GEOD-4733,"Transcription profiling of Arabidopsis male-sterile opr3 mutant stamens treated with jasmonate or its precursor, 12-oxophytodienoic acid",E-GEOD-4733-g6_g1,AT2G24210,GO:0016099; GO:0016102,diterpenoid biosynthetic process; monoterpenoid biosynthetic process,2.1,7.119553E-4
E-GEOD-4733,"Transcription profiling of Arabidopsis male-sterile opr3 mutant stamens treated with jasmonate or its precursor, 12-oxophytodienoic acid",E-GEOD-4733-g6_g1,AT5G17230,GO:0016117,carotenoid biosynthetic process,2.1,9.033109E-5
E-GEOD-4733,"Transcription profiling of Arabidopsis male-sterile opr3 mutant stamens treated with jasmonate or its precursor, 12-oxophytodienoic acid",E-GEOD-4733-g6_g7,AT5G17230,GO:0016117,carotenoid biosynthetic process,2.0,5.796958E-5
E-GEOD-48836,Transcript profiling of ERF115 transgenic Arabidopsis thaliana,E-GEOD-48836-g3_g1,AT4G15110,GO:0016117,carotenoid biosynthetic process,1.1,9.851503E-4
E-GEOD-49418,Transcription factor WRKY46 regulates osmotic stress responses and stomatal movement tissue specifically and independently in Arabidopsis,E-GEOD-49418-g3_g1,AT1G02400,GO:0009686,gibberellin biosynthetic process,3.4,7.311537E-7
E-GEOD-49418,Transcription factor WRKY46 regulates osmotic stress responses and stomatal movement tissue specifically and independently in Arabidopsis,E-GEOD-49418-g4_g2,AT1G02400,GO:0009686,gibberellin biosynthetic process,2.6,3.3538448E-4
E-GEOD-49418,Transcription factor WRKY46 regulates osmotic stress responses and stomatal movement tissue specifically and independently in Arabidopsis,E-GEOD-49418-g4_g2,AT1G30040,GO:0009686,gibberellin biosynthetic process,1.2,0.0013914148
E-GEOD-49596,A New Mediator of Singlet Oxygen Responses in Chlamydomonas and Arabidopsis,E-GEOD-49596-g10_g9,AT3G02780,GO:0008299,isoprenoid biosynthetic process,1.5,2.5766552E-4
E-GEOD-49596,A New Mediator of Singlet Oxygen Responses in Chlamydomonas and Arabidopsis,E-GEOD-49596-g6_g9,AT3G02780,GO:0008299,isoprenoid biosynthetic process,1.5,8.342344E-4
E-GEOD-49596,A New Mediator of Singlet Oxygen Responses in Chlamydomonas and Arabidopsis,E-GEOD-49596-g5_g7,AT3G02780,GO:0008299,isoprenoid biosynthetic process,1.3,3.3390953E-4
E-GEOD-49596,A New Mediator of Singlet Oxygen Responses in Chlamydomonas and Arabidopsis,E-GEOD-49596-g8_g7,AT3G02780,GO:0008299,isoprenoid biosynthetic process,1.1,0.0067047263
E-GEOD-50526,Responses of Arabidopsis immune signaling mutants to Alternaria brassicicola infection,E-GEOD-50526-g9_g6,AT1G02400,GO:0009686,gibberellin biosynthetic process,4.0,6.606489E-5
E-GEOD-50526,Responses of Arabidopsis immune signaling mutants to Alternaria brassicicola infection,E-GEOD-50526-g8_g5,AT1G02400,GO:0009686,gibberellin biosynthetic process,3.7,4.7518562E-5
E-GEOD-50526,Responses of Arabidopsis immune signaling mutants to Alternaria brassicicola infection,E-GEOD-50526-g9_g2,AT2G36690,GO:0009686,gibberellin biosynthetic process,3.7,7.589618E-4
E-GEOD-50526,Responses of Arabidopsis immune signaling mutants to Alternaria brassicicola infection,E-GEOD-50526-g9_g7,AT2G36690,GO:0009686,gibberellin biosynthetic process,3.0,9.597998E-4
E-GEOD-50526,Responses of Arabidopsis immune signaling mutants to Alternaria brassicicola infection,E-GEOD-50526-g9_g2,AT1G02400,GO:0009686,gibberellin biosynthetic process,2.7,0.0019701356
E-GEOD-50526,Responses of Arabidopsis immune signaling mutants to Alternaria brassicicola infection,E-GEOD-50526-g9_g4,AT1G02400,GO:0009686,gibberellin biosynthetic process,2.4,9.1823033E-4
E-GEOD-50526,Responses of Arabidopsis immune signaling mutants to Alternaria brassicicola infection,E-GEOD-50526-g9_g4,AT1G30040,GO:0009686,gibberellin biosynthetic process,2.1,0.0013573758
E-GEOD-51720,EXPRSS: an Illumina based high-throughput expression-profiling method to reveal transcriptional dynamics - II,E-GEOD-51720-g33_g26,AT1G02400,GO:0009686,gibberellin biosynthetic process,4.4,4.4220994E-4
E-GEOD-51720,EXPRSS: an Illumina based high-throughput expression-profiling method to reveal transcriptional dynamics - II,E-GEOD-51720-g14_g12,AT1G02400,GO:0009686,gibberellin biosynthetic process,4.2,5.2790536E-4
E-GEOD-51720,EXPRSS: an Illumina based high-throughput expression-profiling method to reveal transcriptional dynamics - II,E-GEOD-51720-g14_g13,AT2G36690,GO:0009686,gibberellin biosynthetic process,3.0,0.0035540913
E-GEOD-52046,"Expression data from Col-0 and sp1,spx2 under phosphate starvation stress and recovery after resupplying phosphate",E-GEOD-52046-g2_g1,AT5G48010,GO:0010263,tricyclic triterpenoid biosynthetic process,3.6,9.525495E-6
E-GEOD-52046,"Expression data from Col-0 and sp1,spx2 under phosphate starvation stress and recovery after resupplying phosphate",E-GEOD-52046-g1_g5,AT4G20210,GO:0016102,diterpenoid biosynthetic process,3.4,4.203531E-8
E-GEOD-52046,"Expression data from Col-0 and sp1,spx2 under phosphate starvation stress and recovery after resupplying phosphate",E-GEOD-52046-g2_g6,AT4G20210,GO:0016102,diterpenoid biosynthetic process,3.3,1.1755275E-8
E-GEOD-52610,ATP effect on Arabidopsis roots,E-GEOD-52610-g4_g2,AT3G53130,GO:0016117,carotenoid biosynthetic process,1.1,0.004489962
E-GEOD-53308,Whole genome transcript profiling upon 4 days of salt treatment,E-GEOD-53308-g2_g1,AT1G02400,GO:0009686,gibberellin biosynthetic process,1.6,3.9053563E-4
E-GEOD-53580,"Expression data from Arabidopsis C3H14/15 overexpressors, c3h14c3h15 double mutant vs wild type",E-GEOD-53580-g4_g3,AT1G63970,GO:0016114; GO:0016117,carotenoid biosynthetic process; terpenoid biosynthetic process,1.1,0.0036644991
E-GEOD-53952,RNASeq of Developing Arabidopsis Seeds Producing Hydroxy-Fatty Acids,E-GEOD-53952-g5_g8,AT3G45130,GO:0016104,triterpenoid biosynthetic process,2.1,7.2778925E-13
E-GEOD-53952,RNASeq of Developing Arabidopsis Seeds Producing Hydroxy-Fatty Acids,E-GEOD-53952-g5_g2,AT3G45130,GO:0016104,triterpenoid biosynthetic process,1.2,4.7403742E-7
E-GEOD-53957,Transcriptomic profiling of Arabidopsis exposed to E-2-hexenal,E-GEOD-53957-g6_g3,AT5G25900,GO:0009686,gibberellin biosynthetic process,1.1,0.0035684204
E-GEOD-54049,Hit-and-run transcriptional control by bZIP1 mediates rapid nutrient signaling in Arabidopsis,E-GEOD-54049-g2_g4,AT5G49650,GO:0016117,carotenoid biosynthetic process,1.1,1.905296E-4
E-GEOD-54534,Expression data provoked by H2O2 from plastid or peroxisomal origin,E-GEOD-54534-g9_g3,AT4G21200,GO:0009686,gibberellin biosynthetic process,1.3,0.009336845
E-GEOD-54593,Expression data from Arabidopsis leaves,E-GEOD-54593-g4_g3,AT1G61120,GO:0016102,diterpenoid biosynthetic process,4.5,5.2496366E-4
E-GEOD-54593,Expression data from Arabidopsis leaves,E-GEOD-54593-g4_g2,AT1G61120,GO:0016102,diterpenoid biosynthetic process,3.2,0.0010980329
E-GEOD-54593,Expression data from Arabidopsis leaves,E-GEOD-54593-g4_g3,AT3G25180,GO:0016114; GO:0046246,terpene biosynthetic process; terpenoid biosynthetic process,2.5,0.0062838346
E-GEOD-55222,Targets of ALTERED PHLOEM DEVELOPMENT (APL),E-GEOD-55222-g1_g2,AT1G78970,GO:0016104,triterpenoid biosynthetic process,2.7,1.05916864E-4
E-GEOD-5530,Transcription profiling of Arabidopsis under hydrogen peroxide stress overexpressing Zat12,E-GEOD-5530-g2_g1,AT2G36690,GO:0009686,gibberellin biosynthetic process,1.1,0.0018804224
E-GEOD-5539,Over-expression of MBF1c enhances stress tolerance,E-GEOD-5539-g1_g2,AT1G02400,GO:0009686,gibberellin biosynthetic process,1.6,6.124988E-8
E-GEOD-55835,Global changes in gene expression during sub-zero acclimation of three Arabidopsis thaliana accessions,E-GEOD-55835-g3_g6,AT1G02400,GO:0009686,gibberellin biosynthetic process,3.2,0.009879589
E-GEOD-55835,Global changes in gene expression during sub-zero acclimation of three Arabidopsis thaliana accessions,E-GEOD-55835-g3_g4,AT1G02400,GO:0009686,gibberellin biosynthetic process,3.1,0.0034601237
E-GEOD-55835,Global changes in gene expression during sub-zero acclimation of three Arabidopsis thaliana accessions,E-GEOD-55835-g7_g10,AT1G02400,GO:0009686,gibberellin biosynthetic process,2.9,0.0011725383
E-GEOD-55835,Global changes in gene expression during sub-zero acclimation of three Arabidopsis thaliana accessions,E-GEOD-55835-g7_g8,AT1G02400,GO:0009686,gibberellin biosynthetic process,2.9,0.009810362
E-GEOD-55884,Transcriptome profiling of Arabidopsis smg7 mutant in immune signaling blocked background,E-GEOD-55884-g1_g2,AT1G05160,GO:0009686,gibberellin biosynthetic process,1.8,0.0
E-GEOD-55884,Transcriptome profiling of Arabidopsis smg7 mutant in immune signaling blocked background,E-GEOD-55884-g1_g2,AT1G78960,GO:0016104,triterpenoid biosynthetic process,1.6,4.762466E-29
E-GEOD-5615,"""Transcription profiling of Arabidopsis response to bacterial-(LPS, HrpZ, Flg22) and oomycete-(NPP1) derived elicitors - AtGenExpress""",E-GEOD-5615-g4_g6,AT2G36690,GO:0009686,gibberellin biosynthetic process,4.7,9.660852E-6
E-GEOD-5615,"""Transcription profiling of Arabidopsis response to bacterial-(LPS, HrpZ, Flg22) and oomycete-(NPP1) derived elicitors - AtGenExpress""",E-GEOD-5615-g4_g11,AT2G36690,GO:0009686,gibberellin biosynthetic process,4.0,1.2670517E-4
E-GEOD-5615,"""Transcription profiling of Arabidopsis response to bacterial-(LPS, HrpZ, Flg22) and oomycete-(NPP1) derived elicitors - AtGenExpress""",E-GEOD-5615-g4_g6,AT1G61120,GO:0016102,diterpenoid biosynthetic process,4.0,6.574572E-5
E-GEOD-5615,"""Transcription profiling of Arabidopsis response to bacterial-(LPS, HrpZ, Flg22) and oomycete-(NPP1) derived elicitors - AtGenExpress""",E-GEOD-5615-g10_g7,AT2G36690,GO:0009686,gibberellin biosynthetic process,3.3,2.8897863E-5
E-GEOD-5615,"""Transcription profiling of Arabidopsis response to bacterial-(LPS, HrpZ, Flg22) and oomycete-(NPP1) derived elicitors - AtGenExpress""",E-GEOD-5615-g4_g11,AT3G25180,GO:0016114; GO:0046246,terpene biosynthetic process; terpenoid biosynthetic process,3.3,1.35371065E-5
E-GEOD-5615,"""Transcription profiling of Arabidopsis response to bacterial-(LPS, HrpZ, Flg22) and oomycete-(NPP1) derived elicitors - AtGenExpress""",E-GEOD-5615-g10_g8,AT2G36690,GO:0009686,gibberellin biosynthetic process,3.2,3.745849E-4
E-GEOD-5615,"""Transcription profiling of Arabidopsis response to bacterial-(LPS, HrpZ, Flg22) and oomycete-(NPP1) derived elicitors - AtGenExpress""",E-GEOD-5615-g4_g11,AT1G61120,GO:0016102,diterpenoid biosynthetic process,3.2,3.5761565E-4
E-GEOD-5615,"""Transcription profiling of Arabidopsis response to bacterial-(LPS, HrpZ, Flg22) and oomycete-(NPP1) derived elicitors - AtGenExpress""",E-GEOD-5615-g4_g12,AT3G25180,GO:0016114; GO:0046246,terpene biosynthetic process; terpenoid biosynthetic process,2.9,9.6181015E-5
E-GEOD-5615,"""Transcription profiling of Arabidopsis response to bacterial-(LPS, HrpZ, Flg22) and oomycete-(NPP1) derived elicitors - AtGenExpress""",E-GEOD-5615-g4_g11,AT1G02400,GO:0009686,gibberellin biosynthetic process,2.4,4.6976894E-4
E-GEOD-5616,Transcription profiling of Arabidopsis response to Phytophthora infestans - AtGenExpress,E-GEOD-5616-g2_g1,AT1G02400,GO:0009686,gibberellin biosynthetic process,2.6,2.5587238E-5
E-GEOD-5617,Transcription profiling of Arabidopsis with light treatments - AtGenExpress consortium,E-GEOD-5617-g11_g9,AT1G78440,GO:0009686,gibberellin biosynthetic process,3.1,2.615331E-10
E-GEOD-5617,Transcription profiling of Arabidopsis with light treatments - AtGenExpress consortium,E-GEOD-5617-g11_g9,AT3G25820,GO:0016102; GO:0016114,diterpenoid biosynthetic process; terpenoid biosynthetic process,2.9,5.2580207E-10
E-GEOD-5617,Transcription profiling of Arabidopsis with light treatments - AtGenExpress consortium,E-GEOD-5617-g12_g9,AT1G78440,GO:0009686,gibberellin biosynthetic process,2.5,9.149651E-8
E-GEOD-5617,Transcription profiling of Arabidopsis with light treatments - AtGenExpress consortium,E-GEOD-5617-g11_g9,AT5G17230,GO:0016117,carotenoid biosynthetic process,2.2,3.697107E-9
E-GEOD-5617,Transcription profiling of Arabidopsis with light treatments - AtGenExpress consortium,E-GEOD-5617-g8_g1,AT1G78440,GO:0009686,gibberellin biosynthetic process,2.2,1.45907015E-5
E-GEOD-5617,Transcription profiling of Arabidopsis with light treatments - AtGenExpress consortium,E-GEOD-5617-g7_g1,AT1G78440,GO:0009686,gibberellin biosynthetic process,2.1,1.0728183E-5
E-GEOD-5617,Transcription profiling of Arabidopsis with light treatments - AtGenExpress consortium,E-GEOD-5617-g11_g9,AT1G17050,GO:0008299,isoprenoid biosynthetic process,2.0,4.4434643E-9
E-GEOD-5617,Transcription profiling of Arabidopsis with light treatments - AtGenExpress consortium,E-GEOD-5617-g3_g1,AT1G78440,GO:0009686,gibberellin biosynthetic process,1.9,4.694225E-6
E-GEOD-5617,Transcription profiling of Arabidopsis with light treatments - AtGenExpress consortium,E-GEOD-5617-g11_g9,AT1G78510,GO:0008299,isoprenoid biosynthetic process,1.8,3.3577257E-9
E-GEOD-5617,Transcription profiling of Arabidopsis with light treatments - AtGenExpress consortium,E-GEOD-5617-g16_g9,AT3G25820,GO:0016102; GO:0016114,diterpenoid biosynthetic process; terpenoid biosynthetic process,1.7,1.1709972E-4
E-GEOD-5617,Transcription profiling of Arabidopsis with light treatments - AtGenExpress consortium,E-GEOD-5617-g15_g9,AT3G25820,GO:0016102; GO:0016114,diterpenoid biosynthetic process; terpenoid biosynthetic process,1.6,0.0014130003
E-GEOD-5617,Transcription profiling of Arabidopsis with light treatments - AtGenExpress consortium,E-GEOD-5617-g16_g9,AT2G34630,GO:0008299,isoprenoid biosynthetic process,1.6,2.5324514E-5
E-GEOD-5617,Transcription profiling of Arabidopsis with light treatments - AtGenExpress consortium,E-GEOD-5617-g2_g1,AT1G78440,GO:0009686,gibberellin biosynthetic process,1.6,1.1738492E-5
E-GEOD-5617,Transcription profiling of Arabidopsis with light treatments - AtGenExpress consortium,E-GEOD-5617-g4_g1,AT1G78440,GO:0009686,gibberellin biosynthetic process,1.5,2.254573E-5
E-GEOD-5617,Transcription profiling of Arabidopsis with light treatments - AtGenExpress consortium,E-GEOD-5617-g5_g1,AT1G78440,GO:0009686,gibberellin biosynthetic process,1.5,1.44037185E-5
E-GEOD-5617,Transcription profiling of Arabidopsis with light treatments - AtGenExpress consortium,E-GEOD-5617-g6_g1,AT1G78440,GO:0009686,gibberellin biosynthetic process,1.5,7.6127204E-4
E-GEOD-5617,Transcription profiling of Arabidopsis with light treatments - AtGenExpress consortium,E-GEOD-5617-g16_g9,AT1G17050,GO:0008299,isoprenoid biosynthetic process,1.4,8.0111946E-5
E-GEOD-5617,Transcription profiling of Arabidopsis with light treatments - AtGenExpress consortium,E-GEOD-5617-g7_g1,AT5G67030,GO:0016123,xanthophyll biosynthetic process,1.3,2.3420791E-4
E-GEOD-5617,Transcription profiling of Arabidopsis with light treatments - AtGenExpress consortium,E-GEOD-5617-g7_g1,AT1G17050,GO:0008299,isoprenoid biosynthetic process,1.1,1.3934515E-4
E-GEOD-5636,Transcription profiling of Arabidopsis treated with different ambient light and CO2 concentrations,E-GEOD-5636-g3_g4,AT5G52570,GO:0016123,xanthophyll biosynthetic process,2.8,1.5821917E-9
E-GEOD-5636,Transcription profiling of Arabidopsis treated with different ambient light and CO2 concentrations,E-GEOD-5636-g3_g4,AT5G67030,GO:0016123,xanthophyll biosynthetic process,2.3,2.9844678E-9
E-GEOD-5636,Transcription profiling of Arabidopsis treated with different ambient light and CO2 concentrations,E-GEOD-5636-g3_g4,AT1G17050,GO:0008299,isoprenoid biosynthetic process,1.8,3.4097592E-8
E-GEOD-5637,Transcription profiling of Arabidopsis sampled at 7 time points with 4 ambient light/CO2 concentration timepoints,E-GEOD-5637-g3_g4,AT5G52570,GO:0016123,xanthophyll biosynthetic process,2.6,1.0521518E-9
E-GEOD-5637,Transcription profiling of Arabidopsis sampled at 7 time points with 4 ambient light/CO2 concentration timepoints,E-GEOD-5637-g3_g4,AT5G67030,GO:0016123,xanthophyll biosynthetic process,2.4,8.35584E-9
E-GEOD-5638,Transcription profiling of Arabidopsis response to Ambient CO2 and Low Light,E-GEOD-5638-g3_g4,AT5G52570,GO:0016123,xanthophyll biosynthetic process,2.7,1.882082E-9
E-GEOD-5638,Transcription profiling of Arabidopsis response to Ambient CO2 and Low Light,E-GEOD-5638-g3_g4,AT5G67030,GO:0016123,xanthophyll biosynthetic process,2.2,5.677985E-10
E-GEOD-5638,Transcription profiling of Arabidopsis response to Ambient CO2 and Low Light,E-GEOD-5638-g3_g4,AT1G17050,GO:0008299,isoprenoid biosynthetic process,1.8,6.436685E-8
E-GEOD-5638,Transcription profiling of Arabidopsis response to Ambient CO2 and Low Light,E-GEOD-5638-g3_g4,AT1G15550,GO:0009686,gibberellin biosynthetic process,1.3,9.370444E-9
E-GEOD-5684,Transcription profiling of Arabidopsis response to Response to Botrytis cinerea infection - AtGenExpress pathogen series,E-GEOD-5684-g1_g4,AT3G21500,GO:0016114,terpenoid biosynthetic process,3.9,0.008581885
E-GEOD-5686,Transcription profiling of Arabidopsis response to Erysiphe orontii infection - AtGenExpress,E-GEOD-5686-g13_g6,AT1G66960,GO:0016104,triterpenoid biosynthetic process,1.2,0.005670913
E-GEOD-57140,Expression data of Col:LUC Arabidopsis treated with antimycin A (AA) in the presence or absence of a synthetic auxin analogue,E-GEOD-57140-g4_g2,AT1G02400,GO:0009686,gibberellin biosynthetic process,2.8,2.315824E-9
E-GEOD-57140,Expression data of Col:LUC Arabidopsis treated with antimycin A (AA) in the presence or absence of a synthetic auxin analogue,E-GEOD-57140-g4_g3,AT1G02400,GO:0009686,gibberellin biosynthetic process,2.8,2.0345307E-7
E-GEOD-57140,Expression data of Col:LUC Arabidopsis treated with antimycin A (AA) in the presence or absence of a synthetic auxin analogue,E-GEOD-57140-g4_g1,AT1G02400,GO:0009686,gibberellin biosynthetic process,1.6,9.0408375E-6
E-GEOD-57145,Micro-array analysis of WT and AtISWI in callus formation,E-GEOD-57145-g4_g2,AT4G16740,GO:0016102; GO:0016106; GO:0016114,diterpenoid biosynthetic process; sesquiterpenoid biosynthetic process; terpenoid biosynthetic process,4.5,1.1380613E-10
E-GEOD-57145,Micro-array analysis of WT and AtISWI in callus formation,E-GEOD-57145-g3_g1,AT3G21420,GO:1901601,strigolactone biosynthetic process,3.7,6.6094236E-10
E-GEOD-5751,Transcription profiling of Arabidopsis early post-germinative embryo and endosperm,E-GEOD-5751-g5_g3,AT5G07200,GO:0009686,gibberellin biosynthetic process,5.7,1.5028169E-9
E-GEOD-5751,Transcription profiling of Arabidopsis early post-germinative embryo and endosperm,E-GEOD-5751-g6_g4,AT5G07200,GO:0009686,gibberellin biosynthetic process,5.3,2.0600848E-5
E-GEOD-5751,Transcription profiling of Arabidopsis early post-germinative embryo and endosperm,E-GEOD-5751-g5_g3,AT5G51810,GO:0009686,gibberellin biosynthetic process,4.3,2.0551303E-9
E-GEOD-5751,Transcription profiling of Arabidopsis early post-germinative embryo and endosperm,E-GEOD-5751-g6_g4,AT5G51810,GO:0009686,gibberellin biosynthetic process,3.9,3.2957505E-5
E-GEOD-5751,Transcription profiling of Arabidopsis early post-germinative embryo and endosperm,E-GEOD-5751-g6_g4,AT4G25420,GO:0009686,gibberellin biosynthetic process,3.5,1.2619417E-4
E-GEOD-5751,Transcription profiling of Arabidopsis early post-germinative embryo and endosperm,E-GEOD-5751-g6_g4,AT1G15550,GO:0009686,gibberellin biosynthetic process,2.5,9.442255E-4
E-GEOD-5751,Transcription profiling of Arabidopsis early post-germinative embryo and endosperm,E-GEOD-5751-g6_g4,AT5G25900,GO:0009686,gibberellin biosynthetic process,1.9,3.139518E-4
E-GEOD-57690,Genome-wide analysis of PAPS1-dependent polyadenylation identifies novel roles for functionally specialized poly(A) polymerases in Arabidopsis thaliana,E-GEOD-57690-g2_g1,AT4G25700,GO:0016123,xanthophyll biosynthetic process,1.3,1.1044853E-25
E-GEOD-57806,RNA Sequencing analysis of Wild Type and HID1 mutant Transcriptomes,E-GEOD-57806-g2_g1,AT2G36690,GO:0009686,gibberellin biosynthetic process,2.7,0.0
E-GEOD-57806,RNA Sequencing analysis of Wild Type and HID1 mutant Transcriptomes,E-GEOD-57806-g2_g1,AT5G48110,GO:0016102; GO:0051762,diterpenoid biosynthetic process; sesquiterpene biosynthetic process,1.6,1.0296145E-12
E-GEOD-58082,The photoreceptor chaperone FHY1 has an independent role in gene modulation and plant development under far-red light [RNA-Seq],E-GEOD-58082-g2_g1,AT1G78510,GO:0008299,isoprenoid biosynthetic process,1.9,1.218E-42
E-GEOD-58082,The photoreceptor chaperone FHY1 has an independent role in gene modulation and plant development under far-red light [RNA-Seq],E-GEOD-58082-g2_g1,AT5G17230,GO:0016117,carotenoid biosynthetic process,1.6,1.185E-42
E-GEOD-58082,The photoreceptor chaperone FHY1 has an independent role in gene modulation and plant development under far-red light [RNA-Seq],E-GEOD-58082-g2_g1,AT1G30040,GO:0009686,gibberellin biosynthetic process,1.4,7.6966835E-13
E-GEOD-58082,The photoreceptor chaperone FHY1 has an independent role in gene modulation and plant development under far-red light [RNA-Seq],E-GEOD-58082-g2_g1,AT1G17050,GO:0008299,isoprenoid biosynthetic process,1.2,3.784793E-27
E-GEOD-58082,The photoreceptor chaperone FHY1 has an independent role in gene modulation and plant development under far-red light [RNA-Seq],E-GEOD-58082-g2_g1,AT4G25700,GO:0016123,xanthophyll biosynthetic process,1.2,5.978105E-23
E-GEOD-59133,"""Transcriptional profiling of atmbd4, atmbd6 and atmbd11 mutants of Arabidopsis thaliana""",E-GEOD-59133-g1_g3,AT3G21500,GO:0016114,terpenoid biosynthetic process,1.6,5.7725097E-6
E-GEOD-59167,The CLE40 and CRN/CLV2 signaling pathways antagonistically control root meristem growth in Arabidopsis,E-GEOD-59167-g3_g2,AT1G30040,GO:0009686,gibberellin biosynthetic process,2.3,2.1123837E-26
E-GEOD-59426,Expression data from Arabidopsis wild type and ibr1 ibr3 ibr10 triple mutant seedlings root tip segments treated with indole-3-butyric acid (IBA),E-GEOD-59426-g2_g4,AT4G21200,GO:0009686,gibberellin biosynthetic process,3.0,1.4336222E-6
E-GEOD-59426,Expression data from Arabidopsis wild type and ibr1 ibr3 ibr10 triple mutant seedlings root tip segments treated with indole-3-butyric acid (IBA),E-GEOD-59426-g2_g4,AT1G78970,GO:0016104,triterpenoid biosynthetic process,2.1,1.880585E-6
E-GEOD-59809,Expression data from 12-day old Arabidopsis germinants,E-GEOD-59809-g1_g3,AT5G48010,GO:0010263,tricyclic triterpenoid biosynthetic process,2.5,1.303437E-7
E-GEOD-60387,Genome-wide analysis of the lsm4 and lsm5 mutant transcriptomes,E-GEOD-60387-g4_g3,AT1G30040,GO:0009686,gibberellin biosynthetic process,3.2,0.0
E-GEOD-60835,Arabidopsis De-etiolated 1 Represses Photomorphogenesis by Positively Regulating Phytochrome Interacting Factors in the Dark,E-GEOD-60835-g3_g1,AT1G31800,GO:0016117; GO:0016123,carotenoid biosynthetic process; xanthophyll biosynthetic process,4.6,0.0
E-GEOD-60835,Arabidopsis De-etiolated 1 Represses Photomorphogenesis by Positively Regulating Phytochrome Interacting Factors in the Dark,E-GEOD-60835-g3_g4,AT1G31800,GO:0016117; GO:0016123,carotenoid biosynthetic process; xanthophyll biosynthetic process,3.6,0.0
E-GEOD-60835,Arabidopsis De-etiolated 1 Represses Photomorphogenesis by Positively Regulating Phytochrome Interacting Factors in the Dark,E-GEOD-60835-g3_g2,AT5G17230,GO:0016117,carotenoid biosynthetic process,3.3,0.0
E-GEOD-60835,Arabidopsis De-etiolated 1 Represses Photomorphogenesis by Positively Regulating Phytochrome Interacting Factors in the Dark,E-GEOD-60835-g3_g2,AT1G31800,GO:0016117; GO:0016123,carotenoid biosynthetic process; xanthophyll biosynthetic process,3.2,0.0
E-GEOD-61059,Gated SA effect on transcriptome,E-GEOD-61059-g3_g1,AT5G25900,GO:0009686,gibberellin biosynthetic process,1.6,7.002843E-5
