direction	term_id	term_name	source	pvalue_adjusted	intersection_size	term_size	precision	recall	genes
up	GO:0005576	extracellular region	GO:CC	2.43e-16	160	4258	0.3738	0.0376	TEX101,SPRR2A,CCL17,IL36A,VMO1,S100A7A,S100A9,SLPI,S100A7,IL36G,CCL22,TCN1,SERPINB4,CXCL13,S100A8,RHCG,TMPRSS11D,PI3,S100A12,GNLY,RNASE7,SERPINB3,AOC1,UPK3A,GPRC5D,IL17A,MSMP,SPINK7,ACP7,IL17F,KLK13,CSTA,APOOL,IL2,AMTN,SPINK8,SDCBP2,KLK6,WFDC12,IL1RL1,EBI3,ZPBP2,ITIH1,VGF,HRNR,TGM3,TMC5,KRT24,FGB,SLC6A14,CPA5,SPINK6,PRSS27,SLC26A9,PRSS37,SBSN,CCL20,MUC4,SPINK1,UTS2,TMPRSS11F,IL36RN,ARSF,SLURP2,PARD6B,FCMR,PROZ,CLEC3A,SFTPC,AKR1B10,HPSE,GAST,DEFB108B,LRRK2,PRSS22,LCN2,TREML4,SLC3A1,PRSS48,KLK10,TGM1,ALK,DNAH11,IGFL1,ARC,PCSK5,PPBP,PRSS3,HMSD,GZMM,ARG1,A2ML1,DSC2,IL26,PLET1,SLC5A1,APOC2,PRSS1,LIPN,GPLD1,CD86,MUC16,SULT2B1,TREM2,OSM,PDZK1IP1,SCNN1G,PGLYRP3,PGLYRP2,DKK4,IL36B,FOLH1,PGAM4,CYSRT1,PGLYRP4,CBLN2,CFAP53,FAM3D,IL19,TUBB4A,GLT1D1,KLK2,PROK2,ENTPD1,APOB,LYPD5,MZB1,TMPRSS11A,CRB3,GRIN1,LRG1,TULP1,RNASE13,NODAL,TAC4,PSG11,GPHA2,CXCL17,PCSK6,FLRT1,GAL,PLA2G4B,APOF,PATE4,CELA3B,C17ORF99,WNT8B,NCCRP1,SUPT20HL2,TAB3,PON1,ACP3,XCL2,EPN3,PLA2G3,CA1,SLC26A4,CYP4A22,PSG3,SPACA4
down	GO:0032501	multicellular organismal process	GO:BP	4.69e-14	85	7322	0.7328	0.0116	PTX3,MYH7,DKK1,SERPINE1,CDH2,XIRP2,FN1,STC2,CXCL6,TNFRSF11B,SERPINE2,CD96,FGF5,RCBTB2,XCL1,SYCP2,GREM1,FOXD1,PSG5,SSTR1,MGARP,OXTR,MAB21L1,ACTC1,CD8B,RGS4,MME,PTPRN,LOXL2,MYH2,PENK,PTPRC,GDF5,CD69,CCN2,NR2F1,CAMK4,SULF1,CXCL10,HSPB7,LY9,SFRP4,BMPER,CXCR3,IL2RG,CCN1,CXCR4,CHRM2,FOXL2,JAML,THBS1,STAT4,TFPI2,LOX,NKG7,TRPC4,PITX2,FST,CEMIP,IFITM1,APBB1IP,HAPLN1,VEGFC,POPDC3,HMGA2,CBS,FBN2,HSPB6,IGFBP3,SLC4A4,STC1,TGFBI,IL6,FGF2,CLDN11,UCHL1,IGF2BP3,SAMSN1,CD8A,B2M,TPM2,TIMP1,NT5E,GPR176,AKR1B1
up	GO:0005886	plasma membrane	GO:CC	8.92e-14	191	5866	0.4463	0.0326	TEX101,SPRR2B,SPRR2A,SPRR2F,GNG8,CNFN,SPRR2E,SPRR2D,S100A9,CTLA4,SPRR2G,CCR7,IL36G,SERPINB4,S100A8,RHCG,TMPRSS11D,PI3,RAMP1,S100A12,SERPINB3,NOS2,CLDN17,AOC1,UPK3A,GPRC5D,TREML1,IL17A,TMIGD2,SPRR1B,CSTA,SCNN1D,HLA-DMA,SDCBP2,KCNE5,OR9Q2,KLK6,SUSD3,SPRR1A,IL1RL1,MCEMP1,OR2AE1,EBI3,CLEC4C,CD80,CALN1,ATP12A,HRNR,GPR151,RAB33A,CALHM4,TGM3,TMC5,OR5B2,CPLX3,FGB,SLC6A14,HEPHL1,PRSS27,ABCG4,SLC26A9,MUC4,TMPRSS11F,KCNG3,SLURP2,PARD6B,PVRIG,FCMR,FERMT1,CATIP,NCF4,FLT3,SLC11A1,LRRK2,TREML4,SLC3A1,KRT17,OR2T11,BFSP2,TGM1,ENTHD1,ALK,CDH26,GPR139,KCNJ9,IGSF6,ABCB5,ARC,GJB2,SRMS,ABCA12,AQP6,ATP10B,OR2C3,DSC2,SLC4A9,RIT2,OR51L1,SIRPG,DPP6,PLET1,CHRNA6,SLC9B1,GNGT2,HRH3,PTPRCAP,SLC5A1,LPAR4,TRPC3,ADAP2,TMPRSS12,MIP,OCLN,CALY,SLC16A10,TRPV3,OR2L3,CD86,OR4P4,KCNV2,RRH,MUC16,PTPN5,RAPSN,MLANA,S1PR4,TREM2,LAMP3,EFNA2,KIAA0319,OR5T2,KCNJ10,SCNN1G,FPR1,FOLH1,CLDN4,GUCY2C,CYSRT1,CHRNA2,GAD2,NCF1,TLR10,DLG2,EFNA5,XKRX,ADAP1,ENTPD1,APOB,ADGRE1,LYPD5,LHFPL4,TMPRSS11A,TSPAN16,CRB3,GRIN1,SLC10A1,CHRNA3,SHISA8,FCRL1,CXCR6,LRRC38,TULP1,SLCO5A1,LRP1B,HEPACAM,MEGF11,PCSK6,FLRT1,CHRM5,MFSD2B,GP1BB,TMIGD3,PLA2G4E,C17ORF99,ATP13A4,CEBPE,TAB3,ACP3,SLC8A2,EPN3,RPH3A,PLA2G3,RGL4,LRRC19,SLC26A4,CNGB3,NLRC4,PSG3,GUCY2D,DCHS2,SPACA4
up	GO:0031424	keratinization	GO:BP	1.38e-13	20	83	0.0499	0.2410	LCE3D,SPRR2B,SPRR2F,LCE3E,LCE3A,CNFN,SPRR2E,SPRR2D,SPRR2G,LCE3C,LCE7A,SPRR1B,SPRR1A,HRNR,TGM3,LCE2A,KRT17,TGM1,ABCA12,LIPN
up	REAC:R-HSA-6805567	Keratinization	REAC	1.90e-13	31	216	0.1192	0.1435	LCE3D,SPRR2B,SPRR2A,SPRR2F,LCE3E,LCE3A,SPRR2E,SPRR2D,SPRR2G,LCE3C,PI3,KRTAP11-1,KRTAP3-1,KRTAP4-6,KRTAP4-9,KRTAP2-4,KLK13,SPRR1B,CSTA,SPRR1A,KRT24,SPINK6,KRTAP5-8,KRT23,LCE2A,KRTAP5-11,KRT17,TGM1,DSC2,LIPN,PCSK6
up	GO:0001533	cornified envelope	GO:CC	3.28e-13	17	60	0.0397	0.2833	SPRR2B,SPRR2A,SPRR2F,CNFN,SPRR2E,SPRR2D,SPRR2G,PI3,SPRR1B,CSTA,KLK6,SPRR1A,HRNR,KRT17,TGM1,DSC2,CYSRT1
up	GO:0071944	cell periphery	GO:CC	3.45e-13	200	6347	0.4673	0.0315	TEX101,SPRR2B,SPRR2A,SPRR2F,GNG8,CNFN,SPRR2E,SPRR2D,S100A9,CTLA4,SLPI,SPRR2G,CCR7,S100A7,IL36G,SERPINB4,S100A8,RHCG,TMPRSS11D,PI3,RAMP1,S100A12,SERPINB3,NOS2,CLDN17,AOC1,UPK3A,GPRC5D,TREML1,IL17A,TMIGD2,SPRR1B,CSTA,AMTN,SCNN1D,HLA-DMA,SDCBP2,KCNE5,OR9Q2,KLK6,SUSD3,SPRR1A,IL1RL1,MCEMP1,OR2AE1,EBI3,CLEC4C,CD80,CALN1,ITIH1,ATP12A,HRNR,GPR151,RAB33A,CALHM4,TGM3,TMC5,OR5B2,CPLX3,FGB,SLC6A14,HEPHL1,PRSS27,ABCG4,SLC26A9,MUC4,TMPRSS11F,KCNG3,SLURP2,PARD6B,PVRIG,FCMR,FERMT1,CATIP,HPSE,NCF4,FLT3,SLC11A1,LRRK2,TREML4,SLC3A1,KRT17,OR2T11,BFSP2,TGM1,ENTHD1,ALK,CDH26,GPR139,KCNJ9,IGSF6,ABCB5,ARC,GJB2,SRMS,ABCA12,AQP6,ATP10B,OR2C3,DSC2,SLC4A9,RIT2,OR51L1,FCHSD1,SIRPG,DPP6,PLET1,CHRNA6,SLC9B1,GNGT2,HRH3,PTPRCAP,SLC5A1,LPAR4,TRPC3,PRSS1,ADAP2,TMPRSS12,MIP,OCLN,GPLD1,CALY,SLC16A10,TRPV3,OR2L3,CD86,OR4P4,KCNV2,RRH,MUC16,PTPN5,RAPSN,MLANA,S1PR4,TREM2,LAMP3,EFNA2,KIAA0319,OR5T2,KCNJ10,SCNN1G,FPR1,FOLH1,CLDN4,GUCY2C,CYSRT1,CHRNA2,LMAN1L,GAD2,NCF1,TLR10,DLG2,EFNA5,XKRX,ADAP1,ENTPD1,APOB,ADGRE1,LYPD5,LHFPL4,TMPRSS11A,TSPAN16,CRB3,GRIN1,SLC10A1,CHRNA3,SHISA8,FCRL1,CXCR6,LRRC38,TULP1,SLCO5A1,LRP1B,HEPACAM,MEGF11,PCSK6,FLRT1,CHRM5,MFSD2B,GP1BB,TMIGD3,PLA2G4E,C17ORF99,ATP13A4,CEBPE,TAB3,ACP3,SLC8A2,EPN3,RPH3A,PLA2G3,RGL4,LRRC19,SLC26A4,CNGB3,NLRC4,PSG3,GUCY2D,DCHS2,SPACA4
up	REAC:R-HSA-6809371	Formation of the cornified envelope	REAC	1.22e-12	24	129	0.0923	0.1860	LCE3D,SPRR2B,SPRR2A,SPRR2F,LCE3E,LCE3A,SPRR2E,SPRR2D,SPRR2G,LCE3C,PI3,KLK13,SPRR1B,CSTA,SPRR1A,KRT24,SPINK6,KRT23,LCE2A,KRT17,TGM1,DSC2,LIPN,PCSK6
up	GO:0043588	skin development	GO:BP	1.92e-12	34	327	0.0848	0.1040	LCE3D,SPRR2B,SPRR2F,LCE3E,LCE3A,CNFN,SPRR2E,SPRR2D,SPRR2G,S100A7,LCE3C,LCE7A,IL17A,SPRR1B,CSTA,SPRR1A,HRNR,TGM3,TMPRSS11F,FERMT1,HPSE,LCE2A,KRT17,TGM1,FOXI3,ALOX12B,ABCA12,LIPN,DKK4,CLDN4,CYSRT1,FOXE1,GAL,GRHL3
down	GO:0032502	developmental process	GO:BP	2.14e-12	78	6553	0.6724	0.0119	PTX3,MYH7,DKK1,SERPINE1,CDH2,XIRP2,FN1,STC2,DLK1,TNFRSF11B,SERPINE2,FGF5,RCBTB2,FMN2,SYCP2,ARHGAP15,GREM1,FOXD1,SSTR1,MGARP,OXTR,MAB21L1,ACTC1,RGS4,MME,PTPRN,LOXL2,PENK,PTPRC,GDF5,CD69,CCN2,NR2F1,CAMK4,SULF1,CXCL10,HSPB7,LY9,SFRP4,BMPER,CXCR3,IL2RG,CCN1,CXCR4,CHRM2,FOXL2,FLNC,THBS1,STAT4,LOX,PEG10,TRPC4,PITX2,FST,IFITM1,HAPLN1,VEGFC,POPDC3,KRT13,HMGA2,CBS,FBN2,HSPB6,IGFBP3,STC1,TGFBI,IL6,FGF2,CLDN11,UCHL1,IGF2BP3,CD8A,CD53,B2M,TIMP1,CCIN,SMIM43,AKR1B1
up	GO:0008236	serine-type peptidase activity	GO:MF	4.38e-12	33	299	0.0773	0.1104	SLPI,SERPINB4,TMPRSS11D,PI3,SERPINB3,SPINK7,KLK13,SPINK8,KLK6,WFDC12,ITIH1,SPINK6,PRSS27,PRSS37,SPINK1,TMPRSS11F,PROZ,PRSS22,PRSS48,KLK10,PCSK5,PRSS3,HMSD,GZMM,A2ML1,DPP6,PRSS1,TMPRSS12,KLK2,TMPRSS11A,PCSK6,CELA3B,OVCH2
down	GO:0048856	anatomical structure development	GO:BP	4.50e-12	74	5997	0.6379	0.0123	PTX3,MYH7,DKK1,SERPINE1,CDH2,XIRP2,FN1,STC2,TNFRSF11B,SERPINE2,FGF5,RCBTB2,FMN2,SYCP2,ARHGAP15,GREM1,FOXD1,SSTR1,MGARP,OXTR,MAB21L1,ACTC1,RGS4,MME,PTPRN,LOXL2,PENK,PTPRC,GDF5,CD69,CCN2,NR2F1,CAMK4,SULF1,CXCL10,HSPB7,LY9,SFRP4,BMPER,CXCR3,IL2RG,CCN1,CXCR4,CHRM2,FOXL2,FLNC,THBS1,STAT4,LOX,TRPC4,PITX2,FST,HAPLN1,VEGFC,POPDC3,KRT13,HMGA2,CBS,FBN2,HSPB6,IGFBP3,STC1,TGFBI,IL6,FGF2,CLDN11,UCHL1,IGF2BP3,CD8A,CD53,B2M,TIMP1,SMIM43,AKR1B1
up	GO:0004252	serine-type endopeptidase activity	GO:MF	5.17e-12	32	282	0.0749	0.1135	SLPI,SERPINB4,TMPRSS11D,PI3,SERPINB3,SPINK7,KLK13,SPINK8,KLK6,WFDC12,ITIH1,SPINK6,PRSS27,PRSS37,SPINK1,TMPRSS11F,PROZ,PRSS22,PRSS48,KLK10,PCSK5,PRSS3,HMSD,GZMM,A2ML1,PRSS1,TMPRSS12,KLK2,TMPRSS11A,PCSK6,CELA3B,OVCH2
up	GO:0017171	serine hydrolase activity	GO:MF	6.45e-12	33	303	0.0773	0.1089	SLPI,SERPINB4,TMPRSS11D,PI3,SERPINB3,SPINK7,KLK13,SPINK8,KLK6,WFDC12,ITIH1,SPINK6,PRSS27,PRSS37,SPINK1,TMPRSS11F,PROZ,PRSS22,PRSS48,KLK10,PCSK5,PRSS3,HMSD,GZMM,A2ML1,DPP6,PRSS1,TMPRSS12,KLK2,TMPRSS11A,PCSK6,CELA3B,OVCH2
down	GO:0048731	system development	GO:BP	7.45e-12	60	4053	0.5172	0.0148	PTX3,MYH7,DKK1,SERPINE1,CDH2,XIRP2,FN1,TNFRSF11B,SERPINE2,FGF5,RCBTB2,SYCP2,GREM1,FOXD1,SSTR1,MGARP,OXTR,MAB21L1,ACTC1,RGS4,MME,PTPRN,LOXL2,PENK,PTPRC,GDF5,CCN2,NR2F1,SULF1,CXCL10,HSPB7,SFRP4,BMPER,CXCR3,CCN1,CXCR4,CHRM2,FOXL2,THBS1,LOX,TRPC4,PITX2,FST,HAPLN1,VEGFC,POPDC3,HMGA2,CBS,FBN2,HSPB6,STC1,TGFBI,IL6,FGF2,CLDN11,UCHL1,IGF2BP3,B2M,TIMP1,AKR1B1
up	GO:0008544	epidermis development	GO:BP	2.10e-11	36	398	0.0898	0.0905	LCE3D,SPRR2B,SPRR2F,LCE3E,LCE3A,CNFN,SPRR2E,SPRR2D,SPRR2G,S100A7,LCE3C,LCE7A,IL17A,SPRR1B,CSTA,SPRR1A,HRNR,TGM3,TMPRSS11F,FERMT1,HPSE,LCE2A,KRT17,TGM1,FOXI3,ALOX12B,ABCA12,STRC,LIPN,SULT2B1,DKK4,CLDN4,CYSRT1,FOXE1,GAL,GRHL3
down	GO:0007275	multicellular organism development	GO:BP	3.33e-11	64	4727	0.5517	0.0135	PTX3,MYH7,DKK1,SERPINE1,CDH2,XIRP2,FN1,STC2,TNFRSF11B,SERPINE2,FGF5,RCBTB2,SYCP2,GREM1,FOXD1,SSTR1,MGARP,OXTR,MAB21L1,ACTC1,RGS4,MME,PTPRN,LOXL2,PENK,PTPRC,GDF5,CD69,CCN2,NR2F1,CAMK4,SULF1,CXCL10,HSPB7,SFRP4,BMPER,CXCR3,IL2RG,CCN1,CXCR4,CHRM2,FOXL2,THBS1,LOX,TRPC4,PITX2,FST,HAPLN1,VEGFC,POPDC3,HMGA2,CBS,FBN2,HSPB6,STC1,TGFBI,IL6,FGF2,CLDN11,UCHL1,IGF2BP3,B2M,TIMP1,AKR1B1
down	GO:0005576	extracellular region	GO:CC	3.96e-11	58	4258	0.4957	0.0136	PTX3,DKK1,SERPINE1,GZMK,FN1,STC2,DLK1,CXCL6,TNFRSF11B,SERPINE2,FGF5,XCL1,GREM1,PSG5,ACTC1,CD8B,MME,SRSF7,LOXL2,PENK,PTPRC,GDF5,CCN2,CAMK4,SULF1,CXCL10,SFRP4,BMPER,CCN1,CXCR4,THBS1,TFPI2,LOX,PEG10,FST,CEMIP,MMP1,HAPLN1,VEGFC,KRT13,FBN2,HSPB6,IGFBP3,SLC4A4,STC1,TGFBI,IL6,AOAH,FGF2,CALU,CD8A,CD53,B2M,TMSB4X,LYPD4,TIMP1,NT5E,AKR1B1
up	GO:0019730	antimicrobial humoral response	GO:BP	8.73e-11	23	159	0.0574	0.1447	SPRR2A,CCL17,S100A9,SLPI,S100A7,CCL22,CXCL13,PI3,S100A12,GNLY,RNASE7,IL17A,IL17F,WFDC12,FGB,CCL20,IL36RN,SLC11A1,PPBP,PRSS3,PGLYRP3,PGLYRP4,XCL2
down	GO:0051239	regulation of multicellular organismal process	GO:BP	1.77e-10	49	2956	0.4224	0.0166	MYH7,DKK1,SERPINE1,FN1,STC2,CXCL6,TNFRSF11B,SERPINE2,CD96,XCL1,GREM1,FOXD1,OXTR,RGS4,MME,LOXL2,PENK,PTPRC,GDF5,CD69,CCN2,CAMK4,SULF1,CXCL10,HSPB7,LY9,SFRP4,BMPER,CXCR3,IL2RG,CCN1,CXCR4,CHRM2,FOXL2,THBS1,LOX,FST,HAPLN1,VEGFC,HMGA2,FBN2,HSPB6,STC1,IL6,FGF2,IGF2BP3,SAMSN1,B2M,TIMP1
down	GO:2000026	regulation of multicellular organismal development	GO:BP	1.81e-10	34	1418	0.2931	0.0240	DKK1,SERPINE1,FN1,TNFRSF11B,SERPINE2,GREM1,OXTR,RGS4,MME,LOXL2,PTPRC,GDF5,CD69,CCN2,CAMK4,SULF1,CXCL10,SFRP4,BMPER,CXCR3,IL2RG,CCN1,CXCR4,THBS1,LOX,FST,HAPLN1,VEGFC,HMGA2,FBN2,HSPB6,IL6,FGF2,B2M
down	GO:0048513	animal organ development	GO:BP	2.07e-10	50	3085	0.4310	0.0162	PTX3,MYH7,DKK1,SERPINE1,CDH2,XIRP2,FN1,STC2,TNFRSF11B,SERPINE2,FGF5,RCBTB2,SYCP2,GREM1,FOXD1,SSTR1,MGARP,OXTR,MAB21L1,ACTC1,RGS4,MME,PTPRN,LOXL2,PTPRC,GDF5,CCN2,SULF1,CXCL10,HSPB7,SFRP4,BMPER,CCN1,CXCR4,FOXL2,LOX,PITX2,FST,VEGFC,POPDC3,HMGA2,CBS,FBN2,STC1,TGFBI,IL6,FGF2,B2M,TIMP1,AKR1B1
up	GO:0006952	defense response	GO:BP	2.51e-10	83	1853	0.2070	0.0448	SPRR2A,CCL17,IDO1,IL36A,LCE3A,S100A9,SLPI,CCR7,S100A7,IL36G,CCL22,SERPINB4,CXCL13,LCE3C,S100A8,PI3,S100A12,GNLY,RNASE7,NOS2,APOBEC3A,TREML1,IL17A,MSMP,SPINK7,FOXP3,IL17F,IL2,CASP5,WFDC12,IL1RL1,CLEC4C,VGF,FGB,CCL20,IL36RN,FCMR,DEFB108B,SLC11A1,LRRK2,LCN2,TREML4,TMEM45B,KYNU,PPBP,SRMS,PRSS3,GZMM,ARG1,PTPRCAP,CLNK,C2CD4A,CARD18,TREM2,OSM,FPR1,PGLYRP3,PGLYRP2,IL36B,FUT7,PGLYRP4,NCF1,TLR10,PROK2,ISG20,CXCR6,RNASE13,TAC4,CXCL17,USP17L2,PLA2G4B,TMIGD3,RAG2,CEBPE,TAB3,PYDC5,USP38,XCL2,PLA2G3,LRRC19,NLRC4,PSG3,IFI27
up	GO:0005615	extracellular space	GO:CC	2.64e-10	121	3315	0.2827	0.0365	CCL17,IL36A,VMO1,S100A7A,S100A9,SLPI,S100A7,IL36G,CCL22,TCN1,SERPINB4,CXCL13,S100A8,RHCG,TMPRSS11D,PI3,GNLY,RNASE7,SERPINB3,AOC1,UPK3A,GPRC5D,IL17A,MSMP,SPINK7,IL17F,KLK13,CSTA,IL2,SDCBP2,KLK6,WFDC12,EBI3,ITIH1,VGF,HRNR,TGM3,TMC5,KRT24,FGB,SLC6A14,CPA5,SLC26A9,SBSN,CCL20,MUC4,SPINK1,UTS2,IL36RN,ARSF,SLURP2,PARD6B,PROZ,CLEC3A,SFTPC,HPSE,GAST,LRRK2,PRSS22,LCN2,SLC3A1,PRSS48,TGM1,ALK,IGFL1,PCSK5,PPBP,PRSS3,HMSD,ARG1,A2ML1,DSC2,IL26,SLC5A1,APOC2,PRSS1,GPLD1,CD86,MUC16,SULT2B1,OSM,PDZK1IP1,SCNN1G,PGLYRP2,DKK4,IL36B,FOLH1,PGAM4,CYSRT1,CBLN2,FAM3D,IL19,TUBB4A,KLK2,ENTPD1,APOB,CRB3,LRG1,NODAL,TAC4,GPHA2,CXCL17,PCSK6,FLRT1,GAL,APOF,PATE4,CELA3B,C17ORF99,WNT8B,NCCRP1,SUPT20HL2,TAB3,PON1,ACP3,XCL2,EPN3,PLA2G3,CA1,SLC26A4,CYP4A22
up	GO:0030216	keratinocyte differentiation	GO:BP	1.01e-09	23	178	0.0574	0.1292	LCE3D,SPRR2B,SPRR2F,LCE3E,LCE3A,CNFN,SPRR2E,SPRR2D,SPRR2G,S100A7,LCE3C,LCE7A,IL17A,SPRR1B,CSTA,SPRR1A,HRNR,TGM3,LCE2A,KRT17,TGM1,ABCA12,LIPN
down	GO:0009888	tissue development	GO:BP	1.99e-09	39	2032	0.3362	0.0192	MYH7,DKK1,SERPINE1,CDH2,XIRP2,FN1,STC2,SERPINE2,GREM1,FOXD1,ACTC1,RGS4,LOXL2,PTPRC,GDF5,CCN2,SULF1,CXCL10,SFRP4,BMPER,CCN1,CXCR4,FOXL2,LOX,PITX2,FST,VEGFC,POPDC3,KRT13,HMGA2,CBS,FBN2,STC1,TGFBI,IL6,FGF2,TIMP1,SMIM43,AKR1B1
down	GO:0030154	cell differentiation	GO:BP	2.04e-09	59	4437	0.5086	0.0133	PTX3,MYH7,DKK1,SERPINE1,CDH2,FN1,DLK1,TNFRSF11B,SERPINE2,FGF5,FMN2,SYCP2,GREM1,FOXD1,MGARP,ACTC1,RGS4,MME,LOXL2,PENK,PTPRC,GDF5,CD69,CCN2,NR2F1,CAMK4,SULF1,CXCL10,LY9,SFRP4,IL2RG,CCN1,CXCR4,FOXL2,FLNC,STAT4,LOX,PEG10,TRPC4,PITX2,FST,IFITM1,HAPLN1,VEGFC,POPDC3,KRT13,HMGA2,FBN2,IGFBP3,STC1,TGFBI,IL6,FGF2,UCHL1,CD8A,CD53,B2M,CCIN,AKR1B1
down	GO:0048869	cellular developmental process	GO:BP	2.06e-09	59	4438	0.5086	0.0133	PTX3,MYH7,DKK1,SERPINE1,CDH2,FN1,DLK1,TNFRSF11B,SERPINE2,FGF5,FMN2,SYCP2,GREM1,FOXD1,MGARP,ACTC1,RGS4,MME,LOXL2,PENK,PTPRC,GDF5,CD69,CCN2,NR2F1,CAMK4,SULF1,CXCL10,LY9,SFRP4,IL2RG,CCN1,CXCR4,FOXL2,FLNC,STAT4,LOX,PEG10,TRPC4,PITX2,FST,IFITM1,HAPLN1,VEGFC,POPDC3,KRT13,HMGA2,FBN2,IGFBP3,STC1,TGFBI,IL6,FGF2,UCHL1,CD8A,CD53,B2M,CCIN,AKR1B1
up	GO:0042742	defense response to bacterium	GO:BP	3.90e-09	30	332	0.0748	0.0904	SPRR2A,LCE3A,S100A9,SLPI,CXCL13,LCE3C,S100A8,PI3,S100A12,GNLY,RNASE7,NOS2,IL17A,IL17F,WFDC12,VGF,FGB,CCL20,DEFB108B,SLC11A1,LCN2,PPBP,TREM2,PGLYRP3,PGLYRP2,PGLYRP4,RNASE13,RAG2,TAB3,NLRC4
down	GO:0031012	extracellular matrix	GO:CC	4.15e-09	20	559	0.1709	0.0358	PTX3,SERPINE1,CDH2,FN1,TNFRSF11B,SERPINE2,GREM1,LOXL2,CCN2,SULF1,BMPER,CCN1,THBS1,TFPI2,LOX,MMP1,HAPLN1,FBN2,TGFBI,TIMP1
down	GO:0030312	external encapsulating structure	GO:CC	4.29e-09	20	560	0.1709	0.0357	PTX3,SERPINE1,CDH2,FN1,TNFRSF11B,SERPINE2,GREM1,LOXL2,CCN2,SULF1,BMPER,CCN1,THBS1,TFPI2,LOX,MMP1,HAPLN1,FBN2,TGFBI,TIMP1
down	GO:0072359	circulatory system development	GO:BP	4.73e-09	29	1145	0.2500	0.0253	MYH7,DKK1,SERPINE1,CDH2,XIRP2,FN1,GREM1,OXTR,ACTC1,RGS4,LOXL2,CCN2,SULF1,CXCL10,HSPB7,BMPER,CXCR3,CCN1,CXCR4,THBS1,LOX,PITX2,VEGFC,POPDC3,HMGA2,HSPB6,TGFBI,IL6,FGF2
up	GO:0009913	epidermal cell differentiation	GO:BP	6.64e-09	26	253	0.0648	0.1028	LCE3D,SPRR2B,SPRR2F,LCE3E,LCE3A,CNFN,SPRR2E,SPRR2D,SPRR2G,S100A7,LCE3C,LCE7A,IL17A,SPRR1B,CSTA,SPRR1A,HRNR,TGM3,LCE2A,KRT17,TGM1,FOXI3,ABCA12,STRC,LIPN,SULT2B1
down	GO:0008283	cell population proliferation	GO:BP	7.38e-09	38	2015	0.3276	0.0189	CDH2,FN1,SERPINE2,FGF5,RCBTB2,XCL1,GREM1,SSTR1,MAB21L1,PTPRN,LOXL2,PENK,PTPRC,GDF5,CCN2,SULF1,CXCL10,SFRP4,BMPER,CXCR3,CCN1,JAML,THBS1,STAT4,PITX2,FST,IFITM1,HAPLN1,VEGFC,HMGA2,IGFBP3,STC1,TGFBI,IL6,FGF2,UCHL1,B2M,TIMP1
down	GO:0050793	regulation of developmental process	GO:BP	8.90e-09	42	2457	0.3621	0.0171	DKK1,SERPINE1,FN1,STC2,TNFRSF11B,SERPINE2,SYCP2,ARHGAP15,GREM1,FOXD1,MGARP,OXTR,RGS4,MME,LOXL2,PTPRC,GDF5,CD69,CCN2,CAMK4,SULF1,CXCL10,SFRP4,BMPER,CXCR3,IL2RG,CCN1,CXCR4,THBS1,LOX,FST,IFITM1,HAPLN1,VEGFC,HMGA2,FBN2,HSPB6,IGFBP3,IL6,FGF2,CD53,B2M
down	GO:0007166	cell surface receptor signaling pathway	GO:BP	1.16e-08	45	2819	0.3879	0.0160	DKK1,SERPINE1,CDH2,KLRC4,TRAT1,FN1,DLK1,CXCL6,TNFRSF11B,SERPINE2,FGF5,XCL1,CLEC2D,GREM1,FOXD1,SSTR1,OXTR,CD8B,RGS4,IFITM2,PTPRC,GDF5,CCN2,SULF1,CXCL10,SFRP4,BMPER,CXCR3,IL2RG,CCN1,CXCR4,THBS1,STAT4,LOX,PEG10,FST,IFITM1,VEGFC,FBN2,IGFBP3,IL6,FGF2,CD8A,TMSB4X,TIMP1
up	GO:0006959	humoral immune response	GO:BP	1.23e-08	27	281	0.0673	0.0961	SPRR2A,CCL17,S100A9,SLPI,CCR7,S100A7,CCL22,CXCL13,PI3,S100A12,GNLY,RNASE7,IL17A,IL17F,WFDC12,EBI3,FGB,CCL20,IL36RN,FCMR,SLC11A1,PPBP,PRSS3,TREM2,PGLYRP3,PGLYRP4,XCL2
down	GO:0009986	cell surface	GO:CC	1.92e-08	24	914	0.2051	0.0263	CDH2,KLRC4,CLEC2D,GREM1,PSG5,CLDND1,CD8B,MME,PTPRC,CD69,SULF1,CXCL10,LY9,SFRP4,CXCR3,IL2RG,CXCR4,THBS1,TRPC4,SLC4A4,CD8A,CD53,B2M,NT5E
down	GO:0001501	skeletal system development	GO:BP	2.53e-08	20	540	0.1724	0.0370	TNFRSF11B,GREM1,LOXL2,PTPRC,GDF5,CCN2,SULF1,SFRP4,CCN1,LOX,PITX2,FST,HAPLN1,HMGA2,CBS,FBN2,STC1,TGFBI,FGF2,TIMP1
down	GO:0071944	cell periphery	GO:CC	2.71e-08	67	6347	0.5726	0.0106	PTX3,DKK1,SERPINE1,CDH2,KLRC4,TRAT1,FN1,TNFRSF11B,SERPINE2,CD96,FMN2,CLEC2D,ARHGAP15,GREM1,CLDND1,SSTR1,OXTR,CD8B,RGS4,IFITM2,MME,PTPRN,LOXL2,PENK,PTPRC,GDF5,CD69,CCN2,SULF1,CXCL10,LY9,BMPER,CXCR3,IL2RG,CCN1,CXCR4,CHRM2,FLNC,TMEFF1,JAML,THBS1,TFPI2,LOX,NKG7,TRPC4,CEMIP,MMP1,IFITM1,APBB1IP,HAPLN1,POPDC3,FBN2,ANO4,SLC4A4,STC1,TGFBI,IL6,CLDN11,UCHL1,CD8A,CD53,B2M,LYPD4,TIMP1,NT5E,GPR176,SMIM43
up	GO:0009617	response to bacterium	GO:BP	3.02e-08	44	728	0.1097	0.0604	SPRR2A,IDO1,IL36A,LCE3A,S100A9,SLPI,CCR7,S100A7,IL36G,CXCL13,LCE3C,S100A8,PI3,S100A12,GNLY,RNASE7,NOS2,IL17A,FOXP3,IL17F,WFDC12,CD80,VGF,FGB,CCL20,IL36RN,DEFB108B,SLC11A1,LCN2,GJB2,PPBP,CD86,TREM2,PGLYRP3,PGLYRP2,IL36B,PGLYRP4,TLR10,LRG1,RNASE13,RAG2,CEBPE,TAB3,NLRC4
down	GO:0050896	response to stimulus	GO:BP	4.04e-08	85	8999	0.7328	0.0094	PTX3,MYH7,DKK1,SERPINE1,CDH2,KLRC4,TRAT1,FN1,STC2,DLK1,CXCL6,TNFRSF11B,SERPINE2,CD96,FGF5,XCL1,FMN2,CLEC2D,ARHGAP15,GREM1,FOXD1,CLGN,SSTR1,MGARP,OXTR,CD8B,RGS4,IFITM2,MME,SRSF7,PTPRN,LOXL2,PENK,PTPRC,GDF5,CD69,CCN2,NR2F1,CAMK4,SULF1,CXCL10,HSPB7,LY9,SFRP4,BMPER,CXCR3,IL2RG,CCN1,CXCR4,CHRM2,JAML,THBS1,SLF1,STAT4,TFPI2,LOX,PEG10,NKG7,FST,MMP1,IFITM1,APBB1IP,VEGFC,KRT13,HMGA2,CBS,FBN2,HSPB6,GCNA,IGFBP3,STC1,IL6,AOAH,FGF2,UCHL1,SAMSN1,CD8A,CD53,B2M,TMSB4X,TIMP1,NT5E,MT1F,GPR176,AKR1B1
down	GO:0051094	positive regulation of developmental process	GO:BP	4.25e-08	30	1343	0.2586	0.0223	DKK1,SERPINE1,FN1,SERPINE2,GREM1,FOXD1,OXTR,MME,LOXL2,PTPRC,GDF5,CCN2,SFRP4,BMPER,CXCR3,IL2RG,CCN1,CXCR4,THBS1,FST,IFITM1,HAPLN1,VEGFC,HMGA2,FBN2,HSPB6,IGFBP3,IL6,FGF2,CD53
down	GO:0016477	cell migration	GO:BP	4.63e-08	32	1534	0.2759	0.0209	SERPINE1,CDH2,FN1,CXCL6,SERPINE2,FGF5,XCL1,FMN2,GREM1,LOXL2,PTPRC,CD69,CCN2,SULF1,CXCL10,BMPER,CXCR3,CCN1,CXCR4,JAML,THBS1,LOX,PITX2,CEMIP,IFITM1,VEGFC,IGFBP3,STC1,IL6,FGF2,TMSB4X,TIMP1
down	GO:0006950	response to stress	GO:BP	4.91e-08	53	3948	0.4569	0.0134	PTX3,MYH7,SERPINE1,KLRC4,TRAT1,FN1,STC2,CXCL6,SERPINE2,CD96,XCL1,FMN2,CLGN,SSTR1,MGARP,OXTR,IFITM2,PTPRN,LOXL2,PENK,PTPRC,CCN2,CAMK4,CXCL10,HSPB7,LY9,CXCR3,CCN1,CXCR4,JAML,THBS1,SLF1,STAT4,TFPI2,NKG7,IFITM1,VEGFC,KRT13,HMGA2,CBS,HSPB6,GCNA,STC1,IL6,AOAH,FGF2,UCHL1,B2M,TMSB4X,TIMP1,NT5E,MT1F,AKR1B1
down	GO:0009653	anatomical structure morphogenesis	GO:BP	5.45e-08	43	2713	0.3707	0.0158	MYH7,DKK1,SERPINE1,CDH2,XIRP2,FN1,TNFRSF11B,SERPINE2,FGF5,SYCP2,ARHGAP15,GREM1,FOXD1,MAB21L1,ACTC1,LOXL2,GDF5,CCN2,SULF1,CXCL10,SFRP4,BMPER,CXCR3,CCN1,CXCR4,FOXL2,FLNC,THBS1,LOX,PITX2,FST,VEGFC,HMGA2,CBS,FBN2,HSPB6,STC1,TGFBI,IL6,FGF2,UCHL1,IGF2BP3,CD53
down	GO:0035295	tube development	GO:BP	6.50e-08	27	1101	0.2328	0.0245	SERPINE1,CDH2,FN1,SERPINE2,RCBTB2,GREM1,FOXD1,OXTR,MME,LOXL2,CCN2,SULF1,CXCL10,BMPER,CXCR3,CCN1,CXCR4,THBS1,LOX,PITX2,VEGFC,HMGA2,HSPB6,TGFBI,IL6,FGF2,AKR1B1
down	GO:0048583	regulation of response to stimulus	GO:BP	7.64e-08	53	3993	0.4569	0.0133	MYH7,DKK1,SERPINE1,CDH2,KLRC4,TRAT1,FN1,DLK1,CXCL6,TNFRSF11B,SERPINE2,CD96,FGF5,XCL1,FMN2,ARHGAP15,GREM1,FOXD1,CD8B,RGS4,PENK,PTPRC,GDF5,CD69,CCN2,SULF1,CXCL10,SFRP4,BMPER,CXCR3,CCN1,CXCR4,THBS1,SLF1,LOX,PEG10,NKG7,FST,VEGFC,HMGA2,CBS,FBN2,IGFBP3,IL6,AOAH,FGF2,UCHL1,SAMSN1,CD8A,B2M,TMSB4X,TIMP1,NT5E
up	GO:0009605	response to external stimulus	GO:BP	9.04e-08	92	2415	0.2294	0.0381	SPRR2A,CCL17,IDO1,IL36A,LCE3A,S100A9,SLPI,CCR7,S100A7,IL36G,CCL22,SERPINB4,CXCL13,LCE3C,S100A8,PI3,S100A12,GNLY,RNASE7,NOS2,APOBEC3A,TREML1,IL17A,MSMP,FOXP3,IL17F,IL2,CASP5,WFDC12,IL1RL1,CLEC4C,CD80,VGF,FGB,CCL20,IL36RN,HPSE,DEFB108B,SLC11A1,LRRK2,LCN2,TREML4,ALK,TMEM45B,KYNU,GJB2,PPBP,SRMS,PRSS3,GZMM,ARG1,STRC,GNGT2,TRPC3,CLNK,C2CD4A,CD86,RRH,TREM2,KIAA0319,OSM,FPR1,PGLYRP3,PGLYRP2,IL36B,FUT7,PGLYRP4,NCF1,TLR10,EFNA5,PROK2,APOB,ISG20,LRG1,CXCR6,TULP1,GRK7,RNASE13,TAC4,CXCL17,USP17L2,RAG2,CEBPE,TAB3,PYDC5,USP38,XCL2,PLA2G3,LRRC19,NLRC4,GUCY2D,IFI27
down	GO:0005102	signaling receptor binding	GO:MF	1.19e-07	31	1521	0.2696	0.0204	DKK1,SERPINE1,TRAT1,FN1,STC2,CXCL6,TNFRSF11B,SERPINE2,FGF5,XCL1,GREM1,OXTR,CD8B,PENK,PTPRC,GDF5,CCN2,CXCL10,CCN1,JAML,THBS1,FST,VEGFC,FBN2,STC1,TGFBI,IL6,FGF2,UCHL1,CD8A,TIMP1
down	GO:0005615	extracellular space	GO:CC	1.28e-07	45	3315	0.3846	0.0136	PTX3,DKK1,SERPINE1,FN1,STC2,DLK1,CXCL6,TNFRSF11B,SERPINE2,FGF5,XCL1,GREM1,ACTC1,MME,SRSF7,LOXL2,PTPRC,GDF5,CCN2,CAMK4,SULF1,CXCL10,SFRP4,BMPER,CCN1,CXCR4,THBS1,TFPI2,LOX,FST,MMP1,HAPLN1,VEGFC,KRT13,IGFBP3,SLC4A4,STC1,TGFBI,IL6,FGF2,CD53,B2M,TIMP1,NT5E,AKR1B1
down	GO:0048518	positive regulation of biological process	GO:BP	1.62e-07	68	6264	0.5862	0.0109	PTX3,DKK1,SERPINE1,CDH2,KLRC4,TRAT1,XIRP2,FN1,SERPINE2,FGF5,XCL1,FMN2,GREM1,FOXD1,OXTR,MAB21L1,ACTC1,CD8B,RGS4,MME,PTPRN,LOXL2,PENK,PTPRC,GDF5,CCN2,NR2F1,CAMK4,SULF1,CXCL10,LY9,SFRP4,BMPER,CXCR3,IL2RG,CCN1,CXCR4,FOXL2,JAML,THBS1,SLF1,STAT4,NKG7,PITX2,FST,CEMIP,MMP1,IFITM1,APBB1IP,HAPLN1,VEGFC,HMGA2,FBN2,HSPB6,IGFBP3,SLC4A4,STC1,IL6,FGF2,UCHL1,IGF2BP3,CD8A,CD53,B2M,TMSB4X,TIMP1,PRR16,SMIM43
up	GO:0098542	defense response to other organism	GO:BP	3.17e-07	59	1263	0.1471	0.0467	SPRR2A,CCL17,IL36A,LCE3A,S100A9,SLPI,S100A7,IL36G,CCL22,SERPINB4,CXCL13,LCE3C,S100A8,PI3,S100A12,GNLY,RNASE7,NOS2,APOBEC3A,TREML1,IL17A,FOXP3,IL17F,WFDC12,CLEC4C,VGF,FGB,CCL20,IL36RN,DEFB108B,SLC11A1,LCN2,TREML4,TMEM45B,KYNU,PPBP,SRMS,PRSS3,GZMM,ARG1,CLNK,TREM2,PGLYRP3,PGLYRP2,IL36B,PGLYRP4,NCF1,TLR10,ISG20,RNASE13,USP17L2,RAG2,TAB3,PYDC5,USP38,XCL2,LRRC19,NLRC4,IFI27
down	GO:0051240	positive regulation of multicellular organismal process	GO:BP	3.91e-07	32	1667	0.2759	0.0192	DKK1,SERPINE1,FN1,SERPINE2,XCL1,GREM1,FOXD1,OXTR,RGS4,MME,LOXL2,PENK,PTPRC,GDF5,SULF1,LY9,BMPER,CXCR3,IL2RG,CCN1,CXCR4,FOXL2,THBS1,FST,HAPLN1,VEGFC,HMGA2,FBN2,HSPB6,IL6,FGF2,B2M
down	GO:0051716	cellular response to stimulus	GO:BP	4.26e-07	74	7376	0.6379	0.0100	DKK1,SERPINE1,CDH2,KLRC4,TRAT1,FN1,STC2,DLK1,CXCL6,TNFRSF11B,SERPINE2,FGF5,XCL1,FMN2,CLEC2D,ARHGAP15,GREM1,FOXD1,CLGN,SSTR1,MGARP,OXTR,CD8B,RGS4,IFITM2,MME,PTPRN,PENK,PTPRC,GDF5,CD69,CCN2,NR2F1,CAMK4,SULF1,CXCL10,SFRP4,BMPER,CXCR3,IL2RG,CCN1,CXCR4,CHRM2,JAML,THBS1,SLF1,STAT4,TFPI2,LOX,PEG10,NKG7,FST,MMP1,IFITM1,APBB1IP,VEGFC,KRT13,HMGA2,CBS,FBN2,GCNA,IGFBP3,STC1,IL6,FGF2,UCHL1,CD8A,CD53,B2M,TMSB4X,TIMP1,MT1F,GPR176,AKR1B1
down	GO:0090287	regulation of cellular response to growth factor stimulus	GO:BP	4.37e-07	15	320	0.1293	0.0469	DKK1,GREM1,FOXD1,GDF5,SULF1,SFRP4,BMPER,CCN1,THBS1,LOX,PEG10,FST,VEGFC,FBN2,FGF2
down	GO:0048514	blood vessel morphogenesis	GO:BP	4.48e-07	20	635	0.1724	0.0315	SERPINE1,CDH2,FN1,GREM1,LOXL2,CCN2,SULF1,CXCL10,BMPER,CXCR3,CCN1,CXCR4,THBS1,LOX,VEGFC,HMGA2,HSPB6,TGFBI,IL6,FGF2
down	GO:0065007	biological regulation	GO:BP	4.80e-07	101	12743	0.8707	0.0079	PTX3,MYH7,DKK1,SERPINE1,CDH2,KLRC4,TRAT1,XIRP2,FN1,STC2,DLK1,CXCL6,TNFRSF11B,SERPINE2,CD96,FGF5,XCL1,FMN2,SYCP2,CLEC2D,ARHGAP15,GREM1,FOXD1,SSTR1,MGARP,OXTR,MAB21L1,ACTC1,CD8B,RGS4,IFITM2,MME,SRSF7,PTPRN,LOXL2,PENK,PTPRC,GDF5,CD69,ZNF816-ZNF321P,CCN2,NR2F1,CAMK4,SULF1,CXCL10,HSPB7,LY9,SFRP4,BMPER,CXCR3,IL2RG,CCN1,CXCR4,CHRM2,FOXL2,JAML,THBS1,SLF1,STAT4,TFPI2,LOX,PEG10,NKG7,PITX2,FST,CEMIP,MMP1,IFITM1,APBB1IP,HAPLN1,VEGFC,POPDC3,KRT13,HMGA2,CBS,FBN2,HSPB6,RESF1,ANO4,IGFBP3,SLC4A4,STC1,TGFBI,IL6,AOAH,FGF2,UCHL1,IGF2BP3,SAMSN1,CD8A,CD53,B2M,TMSB4X,TPM2,TIMP1,PRR16,NT5E,MT1F,GPR176,SMIM43,AKR1B1
down	GO:0009719	response to endogenous stimulus	GO:BP	5.25e-07	30	1489	0.2586	0.0201	DKK1,STC2,TNFRSF11B,FGF5,XCL1,GREM1,FOXD1,SSTR1,MGARP,OXTR,MME,PENK,PTPRC,GDF5,CCN2,SULF1,SFRP4,BMPER,CCN1,THBS1,STAT4,LOX,PEG10,FST,VEGFC,FBN2,STC1,IL6,FGF2,TIMP1
up	GO:0006954	inflammatory response	GO:BP	6.41e-07	46	862	0.1147	0.0534	CCL17,IDO1,IL36A,S100A9,CCR7,IL36G,CCL22,CXCL13,S100A8,S100A12,NOS2,IL17A,MSMP,SPINK7,FOXP3,IL17F,IL2,CASP5,IL1RL1,CCL20,IL36RN,SLC11A1,LRRK2,PPBP,C2CD4A,CARD18,TREM2,OSM,FPR1,PGLYRP2,IL36B,FUT7,NCF1,TLR10,PROK2,CXCR6,TAC4,CXCL17,PLA2G4B,TMIGD3,PYDC5,XCL2,PLA2G3,LRRC19,NLRC4,IFI27
down	GO:0030334	regulation of cell migration	GO:BP	6.52e-07	24	960	0.2069	0.0250	SERPINE1,FN1,SERPINE2,FGF5,XCL1,GREM1,PTPRC,CD69,SULF1,CXCL10,BMPER,CXCR3,CCN1,CXCR4,THBS1,CEMIP,IFITM1,VEGFC,IGFBP3,STC1,IL6,FGF2,TMSB4X,TIMP1
down	GO:0048519	negative regulation of biological process	GO:BP	7.23e-07	64	5834	0.5517	0.0110	PTX3,DKK1,SERPINE1,CDH2,TRAT1,FN1,STC2,DLK1,TNFRSF11B,SERPINE2,CD96,XCL1,FMN2,SYCP2,GREM1,FOXD1,SSTR1,MGARP,ACTC1,RGS4,IFITM2,SRSF7,LOXL2,PTPRC,GDF5,CD69,CCN2,NR2F1,SULF1,CXCL10,SFRP4,BMPER,CXCR3,CCN1,FOXL2,THBS1,TFPI2,LOX,PEG10,PITX2,FST,CEMIP,IFITM1,VEGFC,HMGA2,CBS,FBN2,HSPB6,RESF1,IGFBP3,STC1,TGFBI,IL6,AOAH,FGF2,UCHL1,IGF2BP3,SAMSN1,B2M,TMSB4X,TIMP1,NT5E,MT1F,AKR1B1
down	GO:0005539	glycosaminoglycan binding	GO:MF	9.02e-07	13	249	0.1130	0.0522	FN1,CXCL6,TNFRSF11B,SERPINE2,PTPRC,CCN2,SULF1,CXCL10,CCN1,THBS1,CEMIP,HAPLN1,FGF2
up	GO:0004175	endopeptidase activity	GO:MF	1.13e-06	37	576	0.0867	0.0642	SLPI,SERPINB4,TMPRSS11D,PI3,SERPINB3,SPINK7,KLK13,CSTA,SPINK8,KLK6,CASP5,WFDC12,ITIH1,SPINK6,PRSS27,PRSS37,SPINK1,TMPRSS11F,PROZ,ADGB,PRSS22,PRSS48,KLK10,PCSK5,PRSS3,HMSD,GZMM,A2ML1,PRSS1,TMPRSS12,CARD18,KLK2,TMPRSS11A,PCSK6,CELA3B,OVCH2,NLRC4
down	GO:0040011	locomotion	GO:BP	1.20e-06	27	1255	0.2328	0.0215	SERPINE1,FN1,CXCL6,SERPINE2,FGF5,XCL1,GREM1,PTPRC,CD69,SULF1,CXCL10,BMPER,CXCR3,CCN1,CXCR4,JAML,THBS1,LOX,CEMIP,IFITM1,VEGFC,IGFBP3,STC1,IL6,FGF2,TMSB4X,TIMP1
up	GO:0016020	membrane	GO:CC	1.20e-06	252	9953	0.5888	0.0253	TEX101,SPRR2B,SPRR2A,SPRR2F,GNG8,CNFN,SPRR2E,SPRR2D,S100A9,CTLA4,SPRR2G,CCR7,IL36G,SERPINB4,S100A8,RHCG,TMPRSS11D,PI3,RAMP1,S100A12,SERPINB3,NOS2,CLDN17,AOC1,UPK3A,GPRC5D,TREML1,IL17A,TMIGD2,SPRR1B,CSTA,APOOL,SCNN1D,PLA2G4D,HLA-DMA,SDCBP2,KCNE5,TMEM40,OR9Q2,KLK6,SUSD3,MAP1LC3B2,SPRR1A,IL1RL1,MCEMP1,RNF223,OR2AE1,EBI3,CLEC4C,CD80,CALN1,ATP12A,HRNR,GPR151,RAB33A,CALHM4,TGM3,TMC5,OR5B2,CPLX3,FGB,SLC6A14,HEPHL1,DHRS9,PRSS27,NEU2,ABCG4,BCL2A1,TMEM154,SLC26A9,MUC4,TMPRSS11F,SMIM35,KCNG3,SLURP2,PARD6B,PVRIG,TMCO5A,FCMR,FERMT1,POTEH,CATIP,PHLDA2,SFTPC,HPSE,HYAL4,NCF4,FLT3,SLC11A1,LRRK2,PRSS22,BCL2L14,TREML4,SLC3A1,KRT17,OR2T11,BFSP2,TGM1,ENTHD1,ALK,CDH26,GPR139,TMEM45B,KCNJ9,IGSF6,ABCB5,ARC,PCSK5,GJB2,SRMS,ABCA12,GZMM,AQP6,ATP10B,TMEM265,OR2C3,DSC2,SLC4A9,SLC25A48,RIT2,OR51L1,SIRPG,SOCS1,DPP6,PLET1,CHRNA6,SLC9B1,GNGT2,HRH3,PTPRCAP,SLC5A1,LPAR4,TRPC3,SMCO2,ADAP2,TMPRSS12,SMIM34,MIP,TMEM86A,OCLN,GPLD1,CALY,SLC16A10,TRPV3,OR2L3,CD86,OR4P4,KCNV2,RRH,MUC16,PTPN5,RAPSN,TVP23A,MLANA,S1PR4,TREM2,LAMP3,EFNA2,KIAA0319,OR5T2,PDZK1IP1,KCNJ10,SCNN1G,FPR1,PGLYRP3,PGLYRP2,RNF225,FUT7,FOLH1,CYP4Z1,CLDN4,GUCY2C,CYSRT1,G6PC1,CHRNA2,PGLYRP4,FKBP15,RNF222,LMAN1L,FAM3D,TMEM269,GAD2,NCF1,TLR10,DLG2,EFNA5,XKRX,ADAP1,ENTPD1,APOB,ADGRE1,LYPD5,CHST13,LHFPL4,TMPRSS11A,TSPAN16,CRB3,GRIN1,EPHX3,B4GALNT2,SLC10A1,CHRNA3,LRG1,SHISA8,FCRL1,CXCR6,LRRC38,TULP1,GRK7,SLCO5A1,SPNS3,LRP1B,HEPACAM,PRRT1B,MEGF11,SH3GL3,PCSK6,FLRT1,CHRM5,MFSD2B,GP1BB,USP17L2,C3ORF20,PLA2G4B,TMIGD3,PLA2G4E,C17ORF99,ATP13A4,INTS2,CEBPE,TAB3,PON1,ACP3,SLC8A2,EPN3,RPH3A,PLA2G3,RGL4,LPIN3,SLC36A3,LRRC19,TMEM239,SLC26A4,CNGB3,TERB1,NLRC4,CYP4A22,PSG3,GUCY2D,IFI27,DCHS2,SPACA4
up	GO:0006955	immune response	GO:BP	1.20e-06	80	2070	0.1995	0.0386	SPRR2A,CCL17,IDO1,IL36A,S100A9,CTLA4,SLPI,CCR7,S100A7,IL36G,CCL22,SERPINB4,CXCL13,S100A8,PI3,S100A12,GNLY,RNASE7,NOS2,APOBEC3A,TREML1,IL17A,FOXP3,IL17F,TMIGD2,IL2,HLA-DMA,WFDC12,IL1RL1,EBI3,CLEC4C,CD80,GPR151,FGB,CCL20,IL36RN,PVRIG,FCMR,DEFB108B,SLC11A1,LCN2,TREML4,TMEM45B,KYNU,IGSF6,PPBP,SRMS,PRSS3,HMSD,GZMM,ARG1,CLNK,GPLD1,CD86,S1PR4,TREM2,LAMP3,OSM,FPR1,PGLYRP3,PGLYRP2,IL36B,FUT7,PGLYRP4,IL19,NCF1,TLR10,ADGRE1,ISG20,CXCR6,USP17L2,C17ORF99,RAG2,PYDC5,USP38,XCL2,PLA2G3,LRRC19,NLRC4,IFI27
up	GO:0051707	response to other organism	GO:BP	1.30e-06	67	1592	0.1671	0.0421	SPRR2A,CCL17,IDO1,IL36A,LCE3A,S100A9,SLPI,CCR7,S100A7,IL36G,CCL22,SERPINB4,CXCL13,LCE3C,S100A8,PI3,S100A12,GNLY,RNASE7,NOS2,APOBEC3A,TREML1,IL17A,FOXP3,IL17F,WFDC12,CLEC4C,CD80,VGF,FGB,CCL20,IL36RN,DEFB108B,SLC11A1,LCN2,TREML4,TMEM45B,KYNU,GJB2,PPBP,SRMS,PRSS3,GZMM,ARG1,CLNK,CD86,TREM2,PGLYRP3,PGLYRP2,IL36B,PGLYRP4,NCF1,TLR10,APOB,ISG20,LRG1,RNASE13,USP17L2,RAG2,CEBPE,TAB3,PYDC5,USP38,XCL2,LRRC19,NLRC4,IFI27
down	GO:0061448	connective tissue development	GO:BP	1.34e-06	14	292	0.1207	0.0479	GREM1,FOXD1,LOXL2,GDF5,CCN2,SULF1,CCN1,LOX,HMGA2,CBS,STC1,TGFBI,FGF2,TIMP1
up	GO:0043207	response to external biotic stimulus	GO:BP	1.41e-06	67	1595	0.1671	0.0420	SPRR2A,CCL17,IDO1,IL36A,LCE3A,S100A9,SLPI,CCR7,S100A7,IL36G,CCL22,SERPINB4,CXCL13,LCE3C,S100A8,PI3,S100A12,GNLY,RNASE7,NOS2,APOBEC3A,TREML1,IL17A,FOXP3,IL17F,WFDC12,CLEC4C,CD80,VGF,FGB,CCL20,IL36RN,DEFB108B,SLC11A1,LCN2,TREML4,TMEM45B,KYNU,GJB2,PPBP,SRMS,PRSS3,GZMM,ARG1,CLNK,CD86,TREM2,PGLYRP3,PGLYRP2,IL36B,PGLYRP4,NCF1,TLR10,APOB,ISG20,LRG1,RNASE13,USP17L2,RAG2,CEBPE,TAB3,PYDC5,USP38,XCL2,LRRC19,NLRC4,IFI27
up	GO:0009607	response to biotic stimulus	GO:BP	1.51e-06	68	1634	0.1696	0.0416	SPRR2A,CCL17,IDO1,IL36A,LCE3A,S100A9,SLPI,CCR7,S100A7,IL36G,CCL22,SERPINB4,CXCL13,LCE3C,S100A8,PI3,S100A12,GNLY,RNASE7,NOS2,APOBEC3A,TREML1,IL17A,FOXP3,IL17F,WFDC12,ATG10,CLEC4C,CD80,VGF,FGB,CCL20,IL36RN,DEFB108B,SLC11A1,LCN2,TREML4,TMEM45B,KYNU,GJB2,PPBP,SRMS,PRSS3,GZMM,ARG1,CLNK,CD86,TREM2,PGLYRP3,PGLYRP2,IL36B,PGLYRP4,NCF1,TLR10,APOB,ISG20,LRG1,RNASE13,USP17L2,RAG2,CEBPE,TAB3,PYDC5,USP38,XCL2,LRRC19,NLRC4,IFI27
up	GO:0140546	defense response to symbiont	GO:BP	1.67e-06	52	1082	0.1297	0.0481	SPRR2A,CCL17,IL36A,S100A9,SLPI,S100A7,IL36G,CCL22,SERPINB4,CXCL13,S100A8,PI3,S100A12,GNLY,RNASE7,NOS2,APOBEC3A,TREML1,IL17A,IL17F,WFDC12,CLEC4C,FGB,CCL20,IL36RN,DEFB108B,SLC11A1,LCN2,TREML4,TMEM45B,KYNU,PPBP,SRMS,PRSS3,GZMM,ARG1,CLNK,TREM2,PGLYRP3,PGLYRP2,IL36B,PGLYRP4,NCF1,TLR10,ISG20,USP17L2,PYDC5,USP38,XCL2,LRRC19,NLRC4,IFI27
down	GO:0001525	angiogenesis	GO:BP	1.93e-06	18	547	0.1552	0.0329	SERPINE1,FN1,GREM1,LOXL2,CCN2,SULF1,CXCL10,BMPER,CXCR3,CCN1,CXCR4,THBS1,VEGFC,HMGA2,HSPB6,TGFBI,IL6,FGF2
up	GO:0032501	multicellular organismal process	GO:BP	2.13e-06	198	7322	0.4938	0.0270	LCE3D,SPRR2B,SPRR2A,SPRR2F,IDO1,IL36A,GNG8,LCE3E,LCE3A,CNFN,SPRR2E,SPRR2D,S100A9,CTLA4,SPRR2G,CCR7,S100A7,CXCL13,LCE3C,S100A8,LCE7A,TMPRSS11D,PI3,RAMP1,S100A12,CDX2,INSM1,SERPINB3,NOS2,UPK3A,KRTAP4-9,TREML1,IL17A,GDA,SPINK7,FOXP3,IL17F,TMIGD2,SPRR1B,IL2,AMTN,SCNN1D,HLA-DMA,SDCBP2,KCNE5,SRY,OR9Q2,KLK6,CASP5,SPRR1A,IL1RL1,OR2AE1,EBI3,CD80,VGF,HRNR,TGM3,OR5B2,CPLX3,FGB,MUC4,GCM2,SPINK1,UTS2,IL36RN,PARD6B,FCMR,FERMT1,PROZ,PHLDA2,CLEC3A,SFTPC,HPSE,LCE2A,FLT3,SLC11A1,LRRK2,LCN2,KRT17,OR2T11,HORMAD1,BFSP2,TGM1,ALK,CDH26,DNAH11,FOXI3,ABCB5,ARC,PCSK5,GJB2,PRSS3,ALOX12B,HMSD,ABCA12,ARG1,NEUROD1,AQP6,FANCC,OR2C3,DSC2,SLC4A9,RIT2,OR51L1,STRC,SIRPG,SOCS1,IL26,CHRNA6,SLC5A1,APOC2,TRPC3,PRSS1,CLNK,ADAP2,TMPRSS12,LIPN,MT1G,MIP,C2CD4A,OCLN,GPLD1,TRPV3,LOXHD1,OR2L3,CD86,OR4P4,RRH,CARD18,SULT2B1,TREM2,EFNA2,KIAA0319,LGALS9B,OR5T2,OSM,KCNJ10,SCNN1G,PGLYRP3,PGLYRP2,DKK4,IL36B,FUT7,CLDN4,G6PC1,MYOG,CHRNA2,CBLN2,CFAP53,IL19,NCF1,EFNA5,PROK2,PLCZ1,ENTPD1,APOB,MZB1,LHFPL4,GRIN1,CHRNA3,LRG1,FCRL1,TULP1,GRK7,NODAL,ELAVL3,TAC4,PSG11,AK8,CXCL17,MEGF11,SH3GL3,FOXE1,LGALS9C,PCSK6,FLRT1,GAL,CHRM5,MFSD2B,GP1BB,PLA2G4B,TMIGD3,C17ORF99,WNT8B,RAG2,ACP3,XCL2,SLC8A2,PLA2G3,GRHL3,LRRC19,SLC26A4,CNGB3,NLRC4,CYP4A22,PSG3,GUCY2D,DCHS2
down	GO:2000145	regulation of cell motility	GO:BP	2.27e-06	24	1022	0.2069	0.0235	SERPINE1,FN1,SERPINE2,FGF5,XCL1,GREM1,PTPRC,CD69,SULF1,CXCL10,BMPER,CXCR3,CCN1,CXCR4,THBS1,CEMIP,IFITM1,VEGFC,IGFBP3,STC1,IL6,FGF2,TMSB4X,TIMP1
down	GO:0048870	cell motility	GO:BP	2.43e-06	32	1793	0.2759	0.0178	SERPINE1,CDH2,FN1,CXCL6,SERPINE2,FGF5,XCL1,FMN2,GREM1,LOXL2,PTPRC,CD69,CCN2,SULF1,CXCL10,BMPER,CXCR3,CCN1,CXCR4,JAML,THBS1,LOX,PITX2,CEMIP,IFITM1,VEGFC,IGFBP3,STC1,IL6,FGF2,TMSB4X,TIMP1
down	GO:0030545	signaling receptor regulator activity	GO:MF	2.64e-06	18	583	0.1565	0.0309	DKK1,FN1,STC2,CXCL6,TNFRSF11B,FGF5,XCL1,GREM1,PENK,GDF5,CXCL10,FST,VEGFC,FBN2,STC1,IL6,FGF2,TIMP1
down	GO:0050789	regulation of biological process	GO:BP	2.78e-06	98	12336	0.8448	0.0079	PTX3,MYH7,DKK1,SERPINE1,CDH2,KLRC4,TRAT1,XIRP2,FN1,STC2,DLK1,CXCL6,TNFRSF11B,SERPINE2,CD96,FGF5,XCL1,FMN2,SYCP2,CLEC2D,ARHGAP15,GREM1,FOXD1,SSTR1,MGARP,OXTR,MAB21L1,ACTC1,CD8B,RGS4,IFITM2,MME,SRSF7,PTPRN,LOXL2,PENK,PTPRC,GDF5,CD69,ZNF816-ZNF321P,CCN2,NR2F1,CAMK4,SULF1,CXCL10,HSPB7,LY9,SFRP4,BMPER,CXCR3,IL2RG,CCN1,CXCR4,CHRM2,FOXL2,JAML,THBS1,SLF1,STAT4,TFPI2,LOX,PEG10,NKG7,PITX2,FST,CEMIP,MMP1,IFITM1,APBB1IP,HAPLN1,VEGFC,KRT13,HMGA2,CBS,FBN2,HSPB6,RESF1,IGFBP3,SLC4A4,STC1,TGFBI,IL6,AOAH,FGF2,UCHL1,IGF2BP3,SAMSN1,CD8A,CD53,B2M,TMSB4X,TIMP1,PRR16,NT5E,MT1F,GPR176,SMIM43,AKR1B1
down	GO:0009887	animal organ morphogenesis	GO:BP	3.33e-06	24	1042	0.2069	0.0230	MYH7,DKK1,SERPINE1,CDH2,XIRP2,TNFRSF11B,FGF5,SYCP2,GREM1,FOXD1,ACTC1,CCN2,SULF1,SFRP4,CCN1,FOXL2,PITX2,FST,VEGFC,CBS,FBN2,STC1,IL6,FGF2
up	GO:0002376	immune system process	GO:BP	3.43e-06	99	2871	0.2469	0.0345	SPRR2A,CCL17,IDO1,IL36A,S100A9,CTLA4,SLPI,CCR7,S100A7,IL36G,CCL22,SERPINB4,CXCL13,S100A8,PI3,S100A12,GNLY,RNASE7,NOS2,APOBEC3A,TREML1,IL17A,MSMP,FOXP3,IL17F,TMIGD2,IL2,HLA-DMA,WFDC12,IL1RL1,EBI3,CLEC4C,CD80,ZPBP2,GPR151,RAB33A,FGB,CCL20,IL36RN,PVRIG,FCMR,DEFB108B,FLT3,SLC11A1,LRRK2,LCN2,TREML4,CDH26,TMEM45B,KYNU,FOXI3,IGSF6,PPBP,SRMS,PRSS3,HMSD,GZMM,ARG1,FANCC,SIRPG,SOCS1,CLNK,MT1G,GPLD1,CD86,S1PR4,TREM2,LAMP3,LGALS9B,OSM,FPR1,PGLYRP3,PGLYRP2,IL36B,FUT7,PGLYRP4,IL19,NCF1,TLR10,ADGRE1,MZB1,ISG20,FCRL1,CXCR6,CXCL17,FOXE1,LGALS9C,GAL,USP17L2,C17ORF99,RAG2,PYDC5,USP38,XCL2,PLA2G3,LRRC19,NLRC4,PSG3,IFI27
down	GO:0051216	cartilage development	GO:BP	3.77e-06	12	213	0.1034	0.0563	GREM1,LOXL2,GDF5,CCN2,SULF1,CCN1,HMGA2,CBS,STC1,TGFBI,FGF2,TIMP1
up	GO:0005125	cytokine activity	GO:MF	4.16e-06	22	238	0.0515	0.0924	CCL17,IL36A,IL36G,CCL22,CXCL13,IL17A,MSMP,IL17F,IL2,EBI3,CCL20,IL36RN,PPBP,IL26,OSM,IL36B,FAM3D,IL19,NODAL,C17ORF99,WNT8B,XCL2
down	GO:0090092	regulation of transmembrane receptor protein serine/threonine kinase signaling pathway	GO:BP	4.84e-06	13	268	0.1121	0.0485	DKK1,GREM1,FOXD1,GDF5,SULF1,SFRP4,BMPER,CCN1,THBS1,LOX,PEG10,FST,FBN2
down	GO:0060326	cell chemotaxis	GO:BP	4.91e-06	14	323	0.1207	0.0433	SERPINE1,CXCL6,XCL1,GREM1,CXCL10,CXCR3,CXCR4,JAML,THBS1,LOX,VEGFC,IL6,FGF2,TMSB4X
down	GO:0001568	blood vessel development	GO:BP	5.19e-06	20	732	0.1724	0.0273	SERPINE1,CDH2,FN1,GREM1,LOXL2,CCN2,SULF1,CXCL10,BMPER,CXCR3,CCN1,CXCR4,THBS1,LOX,VEGFC,HMGA2,HSPB6,TGFBI,IL6,FGF2
down	GO:0040012	regulation of locomotion	GO:BP	5.31e-06	24	1067	0.2069	0.0225	SERPINE1,FN1,SERPINE2,FGF5,XCL1,GREM1,PTPRC,CD69,SULF1,CXCL10,BMPER,CXCR3,CCN1,CXCR4,THBS1,CEMIP,IFITM1,VEGFC,IGFBP3,STC1,IL6,FGF2,TMSB4X,TIMP1
down	GO:0048018	receptor ligand activity	GO:MF	5.38e-06	17	539	0.1478	0.0315	DKK1,FN1,STC2,CXCL6,TNFRSF11B,FGF5,XCL1,GREM1,PENK,GDF5,CXCL10,VEGFC,FBN2,STC1,IL6,FGF2,TIMP1
up	GO:0044419	biological process involved in interspecies interaction between organisms	GO:BP	5.40e-06	70	1759	0.1746	0.0398	SPRR2A,CCL17,IDO1,IL36A,LCE3A,S100A9,SLPI,CCR7,S100A7,IL36G,CCL22,SERPINB4,CXCL13,LCE3C,S100A8,PI3,S100A12,GNLY,RNASE7,SERPINB3,NOS2,APOBEC3A,TREML1,IL17A,FOXP3,IL17F,WFDC12,CLEC4C,CD80,VGF,FGB,CCL20,IL36RN,DEFB108B,SLC11A1,LCN2,TREML4,TMEM45B,KYNU,GJB2,PPBP,SRMS,PRSS3,GZMM,ARG1,CLNK,CD86,TREM2,PGLYRP3,PGLYRP2,IL36B,CYSRT1,PGLYRP4,NCF1,TLR10,APOB,SLC10A1,ISG20,LRG1,RNASE13,USP17L2,RAG2,CEBPE,TAB3,PYDC5,USP38,XCL2,LRRC19,NLRC4,IFI27
up	GO:0061844	antimicrobial humoral immune response mediated by antimicrobial peptide	GO:BP	6.37e-06	15	111	0.0374	0.1351	CCL17,S100A9,S100A7,CCL22,CXCL13,S100A12,GNLY,RNASE7,IL17A,IL17F,CCL20,PPBP,PGLYRP3,PGLYRP4,XCL2
down	GO:0030546	signaling receptor activator activity	GO:MF	6.50e-06	17	546	0.1478	0.0311	DKK1,FN1,STC2,CXCL6,TNFRSF11B,FGF5,XCL1,GREM1,PENK,GDF5,CXCL10,VEGFC,FBN2,STC1,IL6,FGF2,TIMP1
down	GO:0062023	collagen-containing extracellular matrix	GO:CC	7.35e-06	14	397	0.1197	0.0353	SERPINE1,CDH2,FN1,SERPINE2,GREM1,LOXL2,CCN2,SULF1,CCN1,THBS1,LOX,HAPLN1,FBN2,TGFBI
up	GO:0030855	epithelial cell differentiation	GO:BP	8.75e-06	40	746	0.0998	0.0536	LCE3D,SPRR2B,SPRR2F,LCE3E,LCE3A,CNFN,SPRR2E,SPRR2D,SPRR2G,S100A7,LCE3C,RHCG,LCE7A,CDX2,INSM1,UPK3A,IL17A,FOXP3,SPRR1B,CSTA,SPRR1A,HRNR,TGM3,KRT24,DHRS9,KRT23,HPSE,LCE2A,KRT17,BFSP2,TGM1,FOXI3,ABCA12,NEUROD1,STRC,LIPN,SULT2B1,ARHGEF26,EHF,NODAL
down	GO:0045595	regulation of cell differentiation	GO:BP	8.87e-06	29	1576	0.2500	0.0184	DKK1,SERPINE1,FN1,TNFRSF11B,SERPINE2,GREM1,RGS4,MME,LOXL2,PTPRC,GDF5,CD69,CCN2,CAMK4,CXCL10,SFRP4,IL2RG,CCN1,CXCR4,LOX,FST,IFITM1,HAPLN1,VEGFC,FBN2,IGFBP3,IL6,FGF2,B2M
down	GO:0001944	vasculature development	GO:BP	1.02e-05	20	762	0.1724	0.0262	SERPINE1,CDH2,FN1,GREM1,LOXL2,CCN2,SULF1,CXCL10,BMPER,CXCR3,CCN1,CXCR4,THBS1,LOX,VEGFC,HMGA2,HSPB6,TGFBI,IL6,FGF2
down	GO:0048646	anatomical structure formation involved in morphogenesis	GO:BP	1.09e-05	25	1199	0.2155	0.0209	MYH7,DKK1,SERPINE1,FN1,GREM1,FOXD1,ACTC1,LOXL2,CCN2,SULF1,CXCL10,BMPER,CXCR3,CCN1,CXCR4,FLNC,THBS1,VEGFC,HMGA2,FBN2,HSPB6,TGFBI,IL6,FGF2,CD53
up	GO:0060089	molecular transducer activity	GO:MF	1.11e-05	81	2053	0.1897	0.0395	CCL17,IL36A,CCR7,IL36G,CCL22,CXCL13,RAMP1,GPRC5D,IL17A,MSMP,IL17F,TMIGD2,IL2,OR9Q2,IL1RL1,OR2AE1,EBI3,CD80,VGF,GPR151,OR5B2,CCL20,UTS2,IL36RN,SLURP2,PVRIG,FCMR,GAST,FLT3,TREML4,OR2T11,ALK,GPR139,IGSF6,PPBP,OR2C3,OR51L1,IL26,CHRNA6,HRH3,LPAR4,OR2L3,CD86,OR4P4,RRH,S1PR4,TREM2,OR5T2,OSM,FPR1,PGLYRP3,PGLYRP2,DKK4,IL36B,CLDN4,GUCY2C,CHRNA2,PGLYRP4,FAM3D,IL19,TLR10,EFNA5,APOB,ADGRE1,GRIN1,CHRNA3,FCRL1,CXCR6,NODAL,TAC4,GPHA2,GAL,CHRM5,GP1BB,TMIGD3,PATE4,C17ORF99,WNT8B,XCL2,LRRC19,GUCY2D
up	GO:0038023	signaling receptor activity	GO:MF	1.11e-05	81	2053	0.1897	0.0395	CCL17,IL36A,CCR7,IL36G,CCL22,CXCL13,RAMP1,GPRC5D,IL17A,MSMP,IL17F,TMIGD2,IL2,OR9Q2,IL1RL1,OR2AE1,EBI3,CD80,VGF,GPR151,OR5B2,CCL20,UTS2,IL36RN,SLURP2,PVRIG,FCMR,GAST,FLT3,TREML4,OR2T11,ALK,GPR139,IGSF6,PPBP,OR2C3,OR51L1,IL26,CHRNA6,HRH3,LPAR4,OR2L3,CD86,OR4P4,RRH,S1PR4,TREM2,OR5T2,OSM,FPR1,PGLYRP3,PGLYRP2,DKK4,IL36B,CLDN4,GUCY2C,CHRNA2,PGLYRP4,FAM3D,IL19,TLR10,EFNA5,APOB,ADGRE1,GRIN1,CHRNA3,FCRL1,CXCR6,NODAL,TAC4,GPHA2,GAL,CHRM5,GP1BB,TMIGD3,PATE4,C17ORF99,WNT8B,XCL2,LRRC19,GUCY2D
down	GO:0071363	cellular response to growth factor stimulus	GO:BP	1.16e-05	19	689	0.1638	0.0276	DKK1,FGF5,XCL1,GREM1,FOXD1,PENK,GDF5,CCN2,SULF1,SFRP4,BMPER,CCN1,THBS1,LOX,PEG10,FST,VEGFC,FBN2,FGF2
down	REAC:R-HSA-381426	Regulation of Insulin-like Growth Factor (IGF) transport and uptake by Insulin-like Growth Factor Binding Proteins (IGFBPs)	REAC	1.18e-05	10	124	0.1205	0.0806	CDH2,FN1,STC2,PENK,CCN1,MMP1,IGFBP3,IL6,CALU,TIMP1
down	GO:0030510	regulation of BMP signaling pathway	GO:BP	1.27e-05	9	107	0.0776	0.0841	DKK1,GREM1,FOXD1,GDF5,SULF1,SFRP4,BMPER,CCN1,FST
down	GO:0050921	positive regulation of chemotaxis	GO:BP	1.34e-05	10	146	0.0862	0.0685	SERPINE1,XCL1,CXCL10,CXCR3,CXCR4,THBS1,VEGFC,IL6,FGF2,TMSB4X
down	GO:0045765	regulation of angiogenesis	GO:BP	1.41e-05	13	293	0.1121	0.0444	SERPINE1,GREM1,SULF1,CXCL10,BMPER,CXCR3,CXCR4,THBS1,VEGFC,HMGA2,HSPB6,IL6,FGF2
down	GO:0048523	negative regulation of cellular process	GO:BP	1.51e-05	60	5629	0.5172	0.0107	PTX3,DKK1,SERPINE1,CDH2,TRAT1,FN1,STC2,DLK1,TNFRSF11B,SERPINE2,CD96,XCL1,FMN2,SYCP2,GREM1,FOXD1,SSTR1,MGARP,ACTC1,RGS4,SRSF7,LOXL2,PTPRC,GDF5,CD69,CCN2,NR2F1,SULF1,CXCL10,SFRP4,BMPER,CXCR3,CCN1,FOXL2,THBS1,TFPI2,LOX,PEG10,PITX2,FST,CEMIP,IFITM1,VEGFC,HMGA2,CBS,FBN2,HSPB6,RESF1,IGFBP3,STC1,TGFBI,IL6,FGF2,UCHL1,IGF2BP3,SAMSN1,B2M,TMSB4X,TIMP1,AKR1B1
up	GO:0030545	signaling receptor regulator activity	GO:MF	1.73e-05	35	583	0.0820	0.0600	CCL17,IL36A,IL36G,CCL22,CXCL13,IL17A,MSMP,IL17F,IL2,EBI3,CD80,VGF,CCL20,UTS2,IL36RN,SLURP2,GAST,PPBP,IL26,CD86,OSM,DKK4,IL36B,FAM3D,IL19,EFNA5,APOB,NODAL,TAC4,GPHA2,GAL,PATE4,C17ORF99,WNT8B,XCL2
down	GO:1901342	regulation of vasculature development	GO:BP	1.80e-05	13	299	0.1121	0.0435	SERPINE1,GREM1,SULF1,CXCL10,BMPER,CXCR3,CXCR4,THBS1,VEGFC,HMGA2,HSPB6,IL6,FGF2
up	REAC:R-HSA-6799990	Metal sequestration by antimicrobial proteins	REAC	1.97e-05	5	6	0.0192	0.8333	S100A7A,S100A9,S100A7,S100A8,LCN2
down	GO:0035239	tube morphogenesis	GO:BP	2.11e-05	21	879	0.1810	0.0239	SERPINE1,CDH2,FN1,GREM1,FOXD1,LOXL2,CCN2,SULF1,CXCL10,BMPER,CXCR3,CCN1,CXCR4,THBS1,LOX,VEGFC,HMGA2,HSPB6,TGFBI,IL6,FGF2
up	REAC:R-HSA-6803157	Antimicrobial peptides	REAC	2.39e-05	14	96	0.0538	0.1458	S100A7A,S100A9,S100A7,S100A8,PI3,GNLY,RNASE7,DEFB108B,SLC11A1,LCN2,PRSS3,PGLYRP3,PGLYRP2,PGLYRP4
down	GO:0070848	response to growth factor	GO:BP	2.41e-05	19	721	0.1638	0.0264	DKK1,FGF5,XCL1,GREM1,FOXD1,PENK,GDF5,CCN2,SULF1,SFRP4,BMPER,CCN1,THBS1,LOX,PEG10,FST,VEGFC,FBN2,FGF2
down	GO:0001503	ossification	GO:BP	2.42e-05	15	430	0.1293	0.0349	DKK1,GREM1,PENK,GDF5,CCN2,CCN1,LOX,IFITM1,VEGFC,CBS,FBN2,IGFBP3,STC1,IL6,FGF2
down	GO:1901681	sulfur compound binding	GO:MF	2.66e-05	12	273	0.1043	0.0440	FN1,CXCL6,TNFRSF11B,SERPINE2,PTPRC,CCN2,CXCL10,CCN1,THBS1,FST,CBS,FGF2
down	GO:0005788	endoplasmic reticulum lumen	GO:CC	3.18e-05	12	313	0.1026	0.0383	CDH2,FN1,STC2,PENK,CCN1,THBS1,IGFBP3,IL6,CALU,B2M,TIMP1,P4HA1
up	GO:0031982	vesicle	GO:CC	3.22e-05	122	4033	0.2850	0.0303	TEX101,SPRR2A,VMO1,S100A9,CTLA4,SLPI,S100A7,TCN1,S100A8,RHCG,TMPRSS11D,S100A12,GNLY,SERPINB3,AOC1,UPK3A,GPRC5D,TREML1,KLK13,APOOL,HLA-DMA,SDCBP2,KLK6,MAP1LC3B2,MCEMP1,CLEC4C,ZPBP2,ITIH1,VGF,HRNR,GPR151,RAB33A,TGM3,TMC5,CPLX3,KRT24,FGB,SLC6A14,ABCG4,SLC26A9,PRSS37,SBSN,MUC4,SPINK1,ARSF,PARD6B,FCMR,PROZ,SFTPC,HPSE,HYAL4,NCF4,FLT3,SLC11A1,LRRK2,LCN2,SLC3A1,KLK10,TGM1,ENTHD1,ALK,TMEM45B,ARC,PPBP,PRSS3,ABCA12,ARG1,AQP6,ATP10B,A2ML1,DSC2,FCHSD1,SOCS1,SLC5A1,APOC2,TMPRSS12,LRGUK,OCLN,GPLD1,CALY,CD86,MUC16,MLANA,SULT2B1,LAMP3,KIAA0319,PDZK1IP1,SCNN1G,FPR1,PGLYRP2,FOLH1,PGAM4,CYSRT1,FKBP15,LMAN1L,TUBB4A,GAD2,NCF1,KLK2,ENTPD1,APOB,CRB3,GRIN1,LRG1,SH3GL3,FLRT1,GAL,PLA2G4B,PLA2G4E,PATE4,ATP13A4,NCCRP1,TAB3,PON1,ACP3,EPN3,RPH3A,PLA2G3,CA1,RGL4,SLC26A4,SPACA4
down	GO:0050920	regulation of chemotaxis	GO:BP	3.67e-05	11	209	0.0948	0.0526	SERPINE1,XCL1,GREM1,CXCL10,CXCR3,CXCR4,THBS1,VEGFC,IL6,FGF2,TMSB4X
down	GO:0048585	negative regulation of response to stimulus	GO:BP	3.68e-05	29	1680	0.2500	0.0173	DKK1,SERPINE1,CDH2,DLK1,TNFRSF11B,SERPINE2,CD96,XCL1,GREM1,RGS4,PTPRC,CD69,SULF1,SFRP4,BMPER,THBS1,LOX,PEG10,FST,HMGA2,FBN2,IGFBP3,IL6,AOAH,FGF2,UCHL1,SAMSN1,TMSB4X,NT5E
down	GO:0051241	negative regulation of multicellular organismal process	GO:BP	3.72e-05	23	1087	0.1983	0.0212	DKK1,SERPINE1,FN1,STC2,TNFRSF11B,SERPINE2,CD96,XCL1,GREM1,RGS4,LOXL2,PTPRC,GDF5,CD69,SULF1,CXCL10,CXCR3,THBS1,STC1,IL6,SAMSN1,B2M,TIMP1
up	KEGG:04060	Cytokine-cytokine receptor interaction	KEGG	3.90e-05	22	291	0.1176	0.0756	CCL17,IL36A,CCR7,IL36G,CCL22,CXCL13,IL17A,IL17F,IL2,IL1RL1,EBI3,CCL20,IL36RN,PPBP,IL26,OSM,IL36B,IL19,CXCR6,NODAL,CXCL17,XCL2
down	GO:0042127	regulation of cell population proliferation	GO:BP	3.93e-05	29	1685	0.2500	0.0172	CDH2,FN1,SERPINE2,FGF5,XCL1,GREM1,SSTR1,MAB21L1,PTPRN,PTPRC,GDF5,SULF1,CXCL10,SFRP4,CXCR3,CCN1,JAML,THBS1,STAT4,PITX2,IFITM1,HAPLN1,VEGFC,HMGA2,IGFBP3,IL6,FGF2,B2M,TIMP1
down	GO:0048522	positive regulation of cellular process	GO:BP	3.93e-05	61	5920	0.5259	0.0103	PTX3,DKK1,SERPINE1,CDH2,KLRC4,TRAT1,XIRP2,FN1,SERPINE2,FGF5,XCL1,FMN2,GREM1,FOXD1,OXTR,MAB21L1,ACTC1,RGS4,MME,PTPRN,LOXL2,PTPRC,GDF5,CCN2,NR2F1,CAMK4,SULF1,CXCL10,LY9,SFRP4,BMPER,CXCR3,IL2RG,CCN1,CXCR4,FOXL2,JAML,THBS1,SLF1,STAT4,PITX2,CEMIP,MMP1,IFITM1,APBB1IP,HAPLN1,VEGFC,HMGA2,FBN2,IGFBP3,SLC4A4,IL6,FGF2,UCHL1,IGF2BP3,CD53,B2M,TMSB4X,TIMP1,PRR16,SMIM43
down	GO:0060089	molecular transducer activity	GO:MF	3.99e-05	32	2053	0.2783	0.0156	DKK1,KLRC4,FN1,STC2,CXCL6,TNFRSF11B,FGF5,XCL1,CLEC2D,GREM1,SSTR1,OXTR,CD8B,PENK,PTPRC,GDF5,CD69,NR2F1,CXCL10,CXCR3,IL2RG,CXCR4,CHRM2,FST,VEGFC,FBN2,STC1,IL6,FGF2,CD8A,TIMP1,GPR176
down	GO:0038023	signaling receptor activity	GO:MF	3.99e-05	32	2053	0.2783	0.0156	DKK1,KLRC4,FN1,STC2,CXCL6,TNFRSF11B,FGF5,XCL1,CLEC2D,GREM1,SSTR1,OXTR,CD8B,PENK,PTPRC,GDF5,CD69,NR2F1,CXCL10,CXCR3,IL2RG,CXCR4,CHRM2,FST,VEGFC,FBN2,STC1,IL6,FGF2,CD8A,TIMP1,GPR176
down	REAC:R-HSA-8957275	Post-translational protein phosphorylation	REAC	4.23e-05	9	107	0.1084	0.0841	CDH2,FN1,STC2,PENK,CCN1,IGFBP3,IL6,CALU,TIMP1
down	GO:0045766	positive regulation of angiogenesis	GO:BP	4.59e-05	10	166	0.0862	0.0602	SERPINE1,GREM1,BMPER,CXCR3,CXCR4,THBS1,VEGFC,HMGA2,HSPB6,FGF2
down	GO:1904018	positive regulation of vasculature development	GO:BP	5.45e-05	10	169	0.0862	0.0592	SERPINE1,GREM1,BMPER,CXCR3,CXCR4,THBS1,VEGFC,HMGA2,HSPB6,FGF2
up	GO:0030141	secretory granule	GO:CC	5.77e-05	42	907	0.0981	0.0463	TEX101,SPRR2A,S100A9,SLPI,S100A7,TCN1,S100A8,S100A12,SERPINB3,AOC1,TREML1,KLK13,APOOL,KLK6,MCEMP1,CLEC4C,ZPBP2,HRNR,FGB,PRSS37,SFTPC,HPSE,SLC11A1,LCN2,KLK10,ARC,PPBP,PRSS3,ABCA12,ARG1,TMPRSS12,LRGUK,LAMP3,FPR1,KLK2,LRG1,SH3GL3,GAL,PATE4,ACP3,RPH3A,SPACA4
down	GO:0006935	chemotaxis	GO:BP	7.20e-05	15	467	0.1293	0.0321	SERPINE1,CXCL6,XCL1,GREM1,CXCL10,CXCR3,CCN1,CXCR4,JAML,THBS1,LOX,VEGFC,IL6,FGF2,TMSB4X
down	GO:0034097	response to cytokine	GO:BP	7.58e-05	21	947	0.1810	0.0222	CXCL6,TNFRSF11B,XCL1,SSTR1,OXTR,IFITM2,MME,SRSF7,PTPRC,CXCL10,CXCR3,IL2RG,CXCR4,THBS1,STAT4,LOX,IFITM1,VEGFC,IL6,TMSB4X,TIMP1
down	GO:0042330	taxis	GO:BP	7.62e-05	15	469	0.1293	0.0320	SERPINE1,CXCL6,XCL1,GREM1,CXCL10,CXCR3,CCN1,CXCR4,JAML,THBS1,LOX,VEGFC,IL6,FGF2,TMSB4X
down	GO:0009897	external side of plasma membrane	GO:CC	7.71e-05	13	408	0.1111	0.0319	KLRC4,CLEC2D,PTPRC,CD69,CXCL10,LY9,CXCR3,IL2RG,CXCR4,THBS1,CD8A,B2M,NT5E
up	GO:0048018	receptor ligand activity	GO:MF	8.85e-05	32	539	0.0749	0.0594	CCL17,IL36A,IL36G,CCL22,CXCL13,IL17A,MSMP,IL17F,IL2,EBI3,CD80,VGF,CCL20,UTS2,IL36RN,GAST,PPBP,IL26,CD86,OSM,IL36B,FAM3D,IL19,EFNA5,APOB,NODAL,TAC4,GPHA2,GAL,C17ORF99,WNT8B,XCL2
up	GO:0008233	peptidase activity	GO:MF	9.30e-05	42	832	0.0984	0.0505	SLPI,SERPINB4,TMPRSS11D,PI3,SERPINB3,SPINK7,KLK13,CSTA,SPINK8,KLK6,CASP5,WFDC12,ITIH1,CPA5,SPINK6,PRSS27,PRSS37,SPINK1,TMPRSS11F,PROZ,ADGB,PRSS22,PRSS48,KLK10,PCSK5,PRSS3,HMSD,GZMM,A2ML1,DPP6,PRSS1,TMPRSS12,CARD18,FOLH1,KLK2,TMPRSS11A,PCSK6,USP17L2,CELA3B,OVCH2,USP38,NLRC4
down	GO:0141091	transforming growth factor beta receptor superfamily signaling pathway	GO:BP	9.37e-05	13	344	0.1121	0.0378	DKK1,GREM1,FOXD1,GDF5,SULF1,SFRP4,BMPER,CCN1,THBS1,LOX,PEG10,FST,FBN2
down	GO:1901652	response to peptide	GO:BP	9.89e-05	21	962	0.1810	0.0218	CXCL6,TNFRSF11B,XCL1,SSTR1,OXTR,IFITM2,MME,SRSF7,PTPRC,CXCL10,CXCR3,IL2RG,CXCR4,THBS1,STAT4,LOX,IFITM1,VEGFC,IL6,TMSB4X,TIMP1
up	GO:0099503	secretory vesicle	GO:CC	1.05e-04	47	1099	0.1098	0.0428	TEX101,SPRR2A,S100A9,SLPI,S100A7,TCN1,S100A8,S100A12,SERPINB3,AOC1,TREML1,KLK13,APOOL,KLK6,MCEMP1,CLEC4C,ZPBP2,HRNR,GPR151,CPLX3,FGB,PRSS37,SFTPC,HPSE,SLC11A1,LRRK2,LCN2,KLK10,ARC,PPBP,PRSS3,ABCA12,ARG1,TMPRSS12,LRGUK,LAMP3,FPR1,GAD2,KLK2,GRIN1,LRG1,SH3GL3,GAL,PATE4,ACP3,RPH3A,SPACA4
up	GO:0098773	skin epidermis development	GO:BP	1.05e-04	15	136	0.0374	0.1103	HRNR,TGM3,TMPRSS11F,FERMT1,HPSE,KRT17,FOXI3,ALOX12B,ABCA12,DKK4,CLDN4,CYSRT1,FOXE1,GAL,GRHL3
down	GO:0048584	positive regulation of response to stimulus	GO:BP	1.07e-04	34	2331	0.2931	0.0146	DKK1,SERPINE1,CDH2,KLRC4,TRAT1,FN1,FGF5,XCL1,FMN2,GREM1,FOXD1,CD8B,RGS4,PENK,PTPRC,GDF5,CCN2,SULF1,CXCL10,SFRP4,BMPER,CXCR3,CCN1,CXCR4,THBS1,SLF1,NKG7,VEGFC,IGFBP3,IL6,FGF2,CD8A,B2M,TMSB4X
down	GO:0045597	positive regulation of cell differentiation	GO:BP	1.09e-04	20	879	0.1724	0.0228	DKK1,SERPINE1,FN1,SERPINE2,MME,LOXL2,PTPRC,GDF5,CCN2,SFRP4,IL2RG,CCN1,CXCR4,IFITM1,HAPLN1,VEGFC,FBN2,IGFBP3,IL6,FGF2
down	GO:0007167	enzyme-linked receptor protein signaling pathway	GO:BP	1.14e-04	21	970	0.1810	0.0216	DKK1,TRAT1,FGF5,GREM1,FOXD1,CD8B,GDF5,CCN2,SULF1,SFRP4,BMPER,CCN1,THBS1,LOX,PEG10,FST,VEGFC,FBN2,IGFBP3,FGF2,CD8A
up	GO:0030546	signaling receptor activator activity	GO:MF	1.18e-04	32	546	0.0749	0.0586	CCL17,IL36A,IL36G,CCL22,CXCL13,IL17A,MSMP,IL17F,IL2,EBI3,CD80,VGF,CCL20,UTS2,IL36RN,GAST,PPBP,IL26,CD86,OSM,IL36B,FAM3D,IL19,EFNA5,APOB,NODAL,TAC4,GPHA2,GAL,C17ORF99,WNT8B,XCL2
up	GO:0031410	cytoplasmic vesicle	GO:CC	1.19e-04	85	2556	0.1986	0.0333	TEX101,SPRR2A,S100A9,CTLA4,SLPI,S100A7,TCN1,S100A8,RHCG,S100A12,GNLY,SERPINB3,AOC1,TREML1,KLK13,APOOL,HLA-DMA,KLK6,MAP1LC3B2,MCEMP1,CLEC4C,ZPBP2,VGF,HRNR,GPR151,RAB33A,CPLX3,FGB,ABCG4,SLC26A9,PRSS37,FCMR,SFTPC,HPSE,HYAL4,NCF4,FLT3,SLC11A1,LRRK2,LCN2,KLK10,ENTHD1,TMEM45B,ARC,PPBP,PRSS3,ABCA12,ARG1,AQP6,ATP10B,DSC2,FCHSD1,SOCS1,SLC5A1,APOC2,TMPRSS12,LRGUK,OCLN,CALY,MLANA,LAMP3,KIAA0319,FPR1,FKBP15,LMAN1L,GAD2,NCF1,KLK2,APOB,GRIN1,LRG1,SH3GL3,FLRT1,GAL,PLA2G4B,PLA2G4E,PATE4,ATP13A4,TAB3,ACP3,EPN3,RPH3A,PLA2G3,RGL4,SPACA4
up	GO:0097708	intracellular vesicle	GO:CC	1.32e-04	85	2562	0.1986	0.0332	TEX101,SPRR2A,S100A9,CTLA4,SLPI,S100A7,TCN1,S100A8,RHCG,S100A12,GNLY,SERPINB3,AOC1,TREML1,KLK13,APOOL,HLA-DMA,KLK6,MAP1LC3B2,MCEMP1,CLEC4C,ZPBP2,VGF,HRNR,GPR151,RAB33A,CPLX3,FGB,ABCG4,SLC26A9,PRSS37,FCMR,SFTPC,HPSE,HYAL4,NCF4,FLT3,SLC11A1,LRRK2,LCN2,KLK10,ENTHD1,TMEM45B,ARC,PPBP,PRSS3,ABCA12,ARG1,AQP6,ATP10B,DSC2,FCHSD1,SOCS1,SLC5A1,APOC2,TMPRSS12,LRGUK,OCLN,CALY,MLANA,LAMP3,KIAA0319,FPR1,FKBP15,LMAN1L,GAD2,NCF1,KLK2,APOB,GRIN1,LRG1,SH3GL3,FLRT1,GAL,PLA2G4B,PLA2G4E,PATE4,ATP13A4,TAB3,ACP3,EPN3,RPH3A,PLA2G3,RGL4,SPACA4
down	GO:0050794	regulation of cellular process	GO:BP	1.49e-04	93	11946	0.8017	0.0078	PTX3,DKK1,SERPINE1,CDH2,KLRC4,TRAT1,XIRP2,FN1,STC2,DLK1,CXCL6,TNFRSF11B,SERPINE2,CD96,FGF5,XCL1,FMN2,SYCP2,CLEC2D,ARHGAP15,GREM1,FOXD1,SSTR1,MGARP,OXTR,MAB21L1,ACTC1,CD8B,RGS4,IFITM2,MME,SRSF7,PTPRN,LOXL2,PENK,PTPRC,GDF5,CD69,ZNF816-ZNF321P,CCN2,NR2F1,CAMK4,SULF1,CXCL10,LY9,SFRP4,BMPER,CXCR3,IL2RG,CCN1,CXCR4,CHRM2,FOXL2,JAML,THBS1,SLF1,STAT4,TFPI2,LOX,PEG10,NKG7,PITX2,FST,CEMIP,MMP1,IFITM1,APBB1IP,HAPLN1,VEGFC,KRT13,HMGA2,CBS,FBN2,HSPB6,RESF1,IGFBP3,SLC4A4,STC1,TGFBI,IL6,FGF2,UCHL1,IGF2BP3,SAMSN1,CD8A,CD53,B2M,TMSB4X,TIMP1,PRR16,GPR176,SMIM43,AKR1B1
down	GO:0042221	response to chemical	GO:BP	1.55e-04	46	3909	0.3966	0.0118	DKK1,SERPINE1,STC2,CXCL6,TNFRSF11B,CD96,XCL1,FMN2,GREM1,CLGN,SSTR1,MGARP,OXTR,RGS4,IFITM2,MME,SRSF7,PTPRN,LOXL2,PENK,PTPRC,CD69,CXCL10,SFRP4,CXCR3,IL2RG,CCN1,CXCR4,CHRM2,JAML,THBS1,STAT4,LOX,IFITM1,VEGFC,CBS,STC1,IL6,FGF2,UCHL1,B2M,TMSB4X,TIMP1,NT5E,MT1F,AKR1B1
down	GO:0031091	platelet alpha granule	GO:CC	1.75e-04	7	92	0.0598	0.0761	SERPINE1,FN1,SERPINE2,THBS1,VEGFC,TMSB4X,TIMP1
down	GO:0007178	cell surface receptor protein serine/threonine kinase signaling pathway	GO:BP	1.80e-04	13	364	0.1121	0.0357	DKK1,GREM1,FOXD1,GDF5,SULF1,SFRP4,BMPER,CCN1,THBS1,LOX,PEG10,FST,FBN2
down	GO:0007165	signal transduction	GO:BP	1.91e-04	60	6002	0.5172	0.0100	DKK1,SERPINE1,CDH2,KLRC4,TRAT1,FN1,STC2,DLK1,CXCL6,TNFRSF11B,SERPINE2,FGF5,XCL1,FMN2,CLEC2D,ARHGAP15,GREM1,FOXD1,SSTR1,OXTR,CD8B,RGS4,IFITM2,PENK,PTPRC,GDF5,CCN2,NR2F1,CAMK4,SULF1,CXCL10,SFRP4,BMPER,CXCR3,IL2RG,CCN1,CXCR4,CHRM2,THBS1,STAT4,LOX,PEG10,NKG7,FST,IFITM1,APBB1IP,VEGFC,HMGA2,CBS,FBN2,IGFBP3,STC1,IL6,FGF2,UCHL1,CD8A,CD53,TMSB4X,TIMP1,GPR176
down	GO:0051049	regulation of transport	GO:BP	2.20e-04	27	1607	0.2328	0.0168	PTX3,DKK1,SERPINE1,CDH2,TRAT1,STC2,SERPINE2,XCL1,GREM1,OXTR,RGS4,PTPRN,PTPRC,CXCL10,SFRP4,CXCR3,IL2RG,CXCR4,FOXL2,THBS1,CEMIP,VEGFC,STC1,IL6,B2M,TMSB4X,SMIM43
down	GO:0023052	signaling	GO:BP	2.39e-04	63	6515	0.5431	0.0097	DKK1,SERPINE1,CDH2,KLRC4,TRAT1,FN1,STC2,DLK1,CXCL6,TNFRSF11B,SERPINE2,FGF5,XCL1,FMN2,CLEC2D,ARHGAP15,GREM1,FOXD1,SSTR1,OXTR,CD8B,RGS4,IFITM2,MME,PTPRN,PENK,PTPRC,GDF5,CCN2,NR2F1,CAMK4,SULF1,CXCL10,SFRP4,BMPER,CXCR3,IL2RG,CCN1,CXCR4,CHRM2,FOXL2,THBS1,STAT4,LOX,PEG10,NKG7,FST,IFITM1,APBB1IP,VEGFC,HMGA2,CBS,FBN2,IGFBP3,STC1,IL6,FGF2,UCHL1,CD8A,CD53,TMSB4X,TIMP1,GPR176
down	GO:0050673	epithelial cell proliferation	GO:BP	2.42e-04	14	441	0.1207	0.0317	PTPRN,LOXL2,GDF5,SULF1,BMPER,CXCR3,JAML,THBS1,FST,VEGFC,IGFBP3,IL6,FGF2,B2M
down	GO:0007154	cell communication	GO:BP	2.79e-04	63	6540	0.5431	0.0096	DKK1,SERPINE1,CDH2,KLRC4,TRAT1,FN1,STC2,DLK1,CXCL6,TNFRSF11B,SERPINE2,FGF5,XCL1,FMN2,CLEC2D,ARHGAP15,GREM1,FOXD1,SSTR1,OXTR,CD8B,RGS4,IFITM2,MME,PTPRN,PENK,PTPRC,GDF5,CCN2,NR2F1,CAMK4,SULF1,CXCL10,SFRP4,BMPER,CXCR3,IL2RG,CCN1,CXCR4,CHRM2,FOXL2,THBS1,STAT4,LOX,PEG10,NKG7,FST,IFITM1,APBB1IP,VEGFC,HMGA2,CBS,FBN2,IGFBP3,STC1,IL6,FGF2,UCHL1,CD8A,CD53,TMSB4X,TIMP1,GPR176
down	GO:0030509	BMP signaling pathway	GO:BP	3.03e-04	9	154	0.0776	0.0584	DKK1,GREM1,FOXD1,GDF5,SULF1,SFRP4,BMPER,CCN1,FST
down	GO:0071495	cellular response to endogenous stimulus	GO:BP	3.15e-04	23	1223	0.1983	0.0188	DKK1,FGF5,XCL1,GREM1,FOXD1,SSTR1,MGARP,OXTR,PENK,GDF5,CCN2,SULF1,SFRP4,BMPER,CCN1,THBS1,LOX,PEG10,FST,VEGFC,FBN2,STC1,FGF2
down	GO:0071345	cellular response to cytokine stimulus	GO:BP	3.43e-04	19	854	0.1638	0.0222	CXCL6,TNFRSF11B,XCL1,SSTR1,IFITM2,MME,SRSF7,PTPRC,CXCL10,CXCR3,IL2RG,CXCR4,THBS1,STAT4,LOX,IFITM1,VEGFC,IL6,TMSB4X
up	GO:0060429	epithelium development	GO:BP	3.65e-04	51	1238	0.1272	0.0412	LCE3D,SPRR2B,SPRR2F,LCE3E,LCE3A,CNFN,SPRR2E,SPRR2D,SPRR2G,S100A7,LCE3C,RHCG,LCE7A,CDX2,INSM1,UPK3A,IL17A,FOXP3,SPRR1B,CSTA,SPRR1A,HRNR,TGM3,KRT24,DHRS9,KRT23,TMPRSS11F,FERMT1,HPSE,LCE2A,KRT17,BFSP2,TGM1,FOXI3,ALOX12B,ABCA12,NEUROD1,STRC,PLET1,LIPN,SULT2B1,DKK4,CLDN4,CYSRT1,ARHGEF26,EHF,LRG1,NODAL,FOXE1,GAL,GRHL3
down	GO:0008201	heparin binding	GO:MF	3.84e-04	9	176	0.0783	0.0511	FN1,CXCL6,SERPINE2,PTPRC,CCN2,CXCL10,CCN1,THBS1,FGF2
down	GO:0009628	response to abiotic stimulus	GO:BP	4.16e-04	22	1144	0.1897	0.0192	CDH2,STC2,SERPINE2,FMN2,MGARP,OXTR,MME,LOXL2,PENK,PTPRC,GDF5,CXCL10,CXCR4,THBS1,MMP1,VEGFC,CBS,HSPB6,STC1,FGF2,TIMP1,AKR1B1
down	GO:0005886	plasma membrane	GO:CC	4.41e-04	55	5866	0.4701	0.0094	DKK1,SERPINE1,CDH2,KLRC4,TRAT1,FN1,TNFRSF11B,CD96,FMN2,CLEC2D,ARHGAP15,CLDND1,SSTR1,OXTR,CD8B,RGS4,IFITM2,MME,PTPRN,PENK,PTPRC,GDF5,CD69,CCN2,SULF1,CXCL10,LY9,CXCR3,IL2RG,CXCR4,CHRM2,FLNC,TMEFF1,JAML,THBS1,NKG7,TRPC4,CEMIP,IFITM1,APBB1IP,POPDC3,ANO4,SLC4A4,STC1,TGFBI,IL6,CLDN11,UCHL1,CD8A,CD53,B2M,LYPD4,NT5E,GPR176,SMIM43
down	GO:0031093	platelet alpha granule lumen	GO:CC	4.44e-04	6	67	0.0513	0.0896	SERPINE1,FN1,THBS1,VEGFC,TMSB4X,TIMP1
down	KEGG:04061	Viral protein interaction with cytokine and cytokine receptor	KEGG	4.58e-04	7	98	0.1148	0.0714	CXCL6,XCL1,CXCL10,CXCR3,IL2RG,CXCR4,IL6
up	GO:0050786	RAGE receptor binding	GO:MF	5.17e-04	5	10	0.0117	0.5000	S100A9,S100A7,S100A8,S100A12,FPR1
down	GO:0071773	cellular response to BMP stimulus	GO:BP	5.44e-04	9	165	0.0776	0.0545	DKK1,GREM1,FOXD1,GDF5,SULF1,SFRP4,BMPER,CCN1,FST
down	GO:0071772	response to BMP	GO:BP	5.44e-04	9	165	0.0776	0.0545	DKK1,GREM1,FOXD1,GDF5,SULF1,SFRP4,BMPER,CCN1,FST
down	GO:0048468	cell development	GO:BP	5.83e-04	37	2876	0.3190	0.0129	PTX3,MYH7,DKK1,CDH2,FN1,TNFRSF11B,SERPINE2,FMN2,SYCP2,FOXD1,MGARP,ACTC1,RGS4,MME,PTPRC,CD69,NR2F1,CAMK4,SULF1,LY9,IL2RG,CXCR4,FOXL2,FLNC,STAT4,LOX,PITX2,FST,HAPLN1,VEGFC,STC1,IL6,FGF2,UCHL1,CD8A,B2M,AKR1B1
down	GO:0044877	protein-containing complex binding	GO:MF	5.84e-04	23	1314	0.2000	0.0175	PTX3,MYH7,XIRP2,FN1,PTPRN,MYH2,PTPRC,CCN2,CCN1,FLNC,JAML,THBS1,SLF1,LOX,PITX2,FST,HMGA2,TGFBI,FGF2,UCHL1,CD8A,B2M,TPM2
down	GO:0032879	regulation of localization	GO:BP	6.09e-04	30	2029	0.2586	0.0148	PTX3,DKK1,SERPINE1,CDH2,TRAT1,XIRP2,STC2,SERPINE2,XCL1,GREM1,OXTR,RGS4,PTPRN,PTPRC,CXCL10,SFRP4,BMPER,CXCR3,IL2RG,CXCR4,FOXL2,THBS1,CEMIP,VEGFC,STC1,IL6,FGF2,B2M,TMSB4X,SMIM43
up	GO:0007267	cell-cell signaling	GO:BP	7.68e-04	53	1342	0.1322	0.0395	CCL17,S100A9,IL36G,CCL22,CXCL13,S100A8,SERPINB3,NOS2,IL17A,SNCB,IL2,KCNE5,VGF,GPR151,CPLX3,FGB,CCL20,SPINK1,UTS2,SLURP2,LRRK2,ARC,PCSK5,GJB2,ABCA12,NEUROD1,RIT2,FCHSD1,SIRPG,IL26,CHRNA6,HRH3,GPLD1,SLC16A10,RAPSN,EFNA2,OSM,KCNJ10,CHRNA2,CBLN2,FAM3D,GAD2,DLG2,EFNA5,GRIN1,CHRNA3,SHISA8,NODAL,GAL,CHRM5,SLC8A2,RPH3A,PLA2G3
up	GO:0006950	response to stress	GO:BP	8.54e-04	116	3948	0.2893	0.0294	SPRR2A,CCL17,IDO1,IL36A,LCE3A,S100A9,CTLA4,SLPI,CCR7,S100A7,IL36G,CCL22,SERPINB4,CXCL13,LCE3C,S100A8,PI3,S100A12,GNLY,RNASE7,NOS2,APOBEC3A,TREML1,IL17A,MSMP,SPINK7,FOXP3,IL17F,IL2,TREX2,KLK6,CASP5,WFDC12,MAP1LC3B2,IL1RL1,ATG10,CLEC4C,VGF,GPR151,FGB,BCL2A1,CCL20,IL36RN,FCMR,FERMT1,PROZ,HPSE,DEFB108B,SLC11A1,LRRK2,LCN2,TREML4,ALK,TMEM45B,KYNU,GJB2,PPBP,SRMS,PRSS3,GZMM,ARG1,FANCC,DSC2,IL26,PLET1,PTPRCAP,TRPC3,CLNK,MT1G,C2CD4A,OCLN,CARD18,TREM2,KIAA0319,OSM,FPR1,PGLYRP3,PGLYRP2,IL36B,FUT7,CLDN4,PGLYRP4,GAD2,NCF1,TLR10,PROK2,MT1H,ENTPD1,ISG20,LRG1,CXCR6,RNASE13,TAC4,CXCL17,GAL,MFSD2B,GP1BB,USP17L2,PLA2G4B,TMIGD3,NCCRP1,RAG2,CEBPE,TAB3,PYDC5,USP38,XCL2,SLC8A2,PLA2G3,GRHL3,LRRC19,TERB1,NLRC4,PSG3,MEIOC,IFI27
down	REAC:R-HSA-1474244	Extracellular matrix organization	REAC	9.18e-04	12	298	0.1446	0.0403	SERPINE1,FN1,LOXL2,GDF5,THBS1,LOX,MMP1,HAPLN1,FBN2,FGF2,TIMP1,P4HA1
up	GO:0001816	cytokine production	GO:BP	9.36e-04	37	787	0.0923	0.0470	IDO1,IL36A,CCR7,NOS2,IL17A,SPINK7,FOXP3,IL17F,TMIGD2,IL2,IL1RL1,EBI3,CD80,IL36RN,FERMT1,HPSE,SLC11A1,LRRK2,PCSK5,HMSD,ARG1,SOCS1,IL26,CLNK,CD86,CARD18,TREM2,LGALS9B,OSM,PGLYRP3,PGLYRP2,NODAL,CXCL17,LGALS9C,PLA2G3,LRRC19,NLRC4
down	GO:0070887	cellular response to chemical stimulus	GO:BP	9.73e-04	31	2192	0.2672	0.0141	SERPINE1,STC2,CXCL6,XCL1,FMN2,GREM1,SSTR1,MGARP,OXTR,RGS4,PTPRN,PENK,CD69,CXCL10,CXCR3,CXCR4,CHRM2,JAML,THBS1,LOX,VEGFC,CBS,STC1,IL6,FGF2,UCHL1,B2M,TMSB4X,TIMP1,MT1F,AKR1B1
up	GO:0004867	serine-type endopeptidase inhibitor activity	GO:MF	9.87e-04	12	103	0.0281	0.1165	SLPI,SERPINB4,PI3,SERPINB3,SPINK7,SPINK8,WFDC12,ITIH1,SPINK6,SPINK1,HMSD,A2ML1
down	GO:0001649	osteoblast differentiation	GO:BP	1.13e-03	10	234	0.0862	0.0427	GREM1,PENK,CCN1,LOX,IFITM1,VEGFC,FBN2,IGFBP3,IL6,FGF2
down	GO:0051093	negative regulation of developmental process	GO:BP	1.15e-03	19	925	0.1638	0.0205	DKK1,SERPINE1,STC2,TNFRSF11B,SYCP2,GREM1,MGARP,RGS4,LOXL2,GDF5,CD69,SULF1,CXCL10,CXCR3,THBS1,FST,VEGFC,IL6,B2M
down	GO:0007155	cell adhesion	GO:BP	1.19e-03	25	1530	0.2155	0.0163	SERPINE1,CDH2,FN1,SERPINE2,CD96,XCL1,GREM1,PSG5,PTPRC,CD69,CCN2,LY9,CXCR3,IL2RG,CCN1,CXCR4,JAML,THBS1,APBB1IP,HAPLN1,TGFBI,IL6,CLDN11,B2M,NT5E
down	GO:0030595	leukocyte chemotaxis	GO:BP	1.32e-03	10	238	0.0862	0.0420	SERPINE1,CXCL6,XCL1,GREM1,CXCL10,CXCR4,JAML,THBS1,VEGFC,IL6
down	GO:0051050	positive regulation of transport	GO:BP	1.44e-03	18	847	0.1552	0.0213	PTX3,SERPINE1,CDH2,XCL1,GREM1,OXTR,PTPRC,CXCL10,SFRP4,CXCR3,IL2RG,FOXL2,CEMIP,VEGFC,STC1,B2M,TMSB4X,SMIM43
down	GO:0001775	cell activation	GO:BP	1.46e-03	21	1132	0.1810	0.0186	FN1,CXCL6,SERPINE2,XCL1,CD8B,PTPRC,CD69,CAMK4,CXCL10,LY9,BMPER,IL2RG,JAML,THBS1,STAT4,NKG7,APBB1IP,IL6,SAMSN1,CD8A,B2M
up	GO:0016787	hydrolase activity	GO:MF	1.70e-03	105	3255	0.2459	0.0323	GNG8,SLPI,SERPINB4,TMPRSS11D,PI3,RNASE7,SERPINB3,APOBEC3A,GDA,SPINK7,ACP7,KLK13,SNCB,CSTA,PLA2G4D,SPINK8,TREX2,KLK6,CASP5,WFDC12,IL1RL1,ITIH1,ATP12A,RAB33A,CPA5,SPINK6,PRSS27,NEU2,ABCG4,PRSS37,SPINK1,TMPRSS11F,ARSF,PPM1N,PROZ,HPSE,ADGB,HYAL4,LRRK2,PRSS22,PRSS48,KLK10,PLEKHG7,PGBD5,DNAH11,KYNU,ABCB5,PCSK5,DENND2C,PRSS3,HMSD,ABCA12,GZMM,ARG1,ATP10B,A2ML1,RIT2,DPP6,GNGT2,APOC2,PRSS1,ADAP2,TMPRSS12,LIPN,TMEM86A,GPLD1,PTPN5,CARD18,PGLYRP3,PGLYRP2,FOLH1,PGAM4,G6PC1,PGLYRP4,ARHGEF26,TUBB4A,RPS10-NUDT3,ECT2L,TLR10,KLK2,PLCZ1,ADAP1,ENTPD1,TMPRSS11A,EPHX3,ISG20,PCSK6,CHRM5,USP17L2,PLA2G4B,PLA2G4E,CELA3B,ATP13A4,OVCH2,PON1,ACP3,USP38,PLA2G3,CA1,RGL4,LPIN3,ADAT2,NT5C1B,NLRC4,GLB1L3
down	GO:0008284	positive regulation of cell population proliferation	GO:BP	1.83e-03	19	954	0.1638	0.0199	FN1,FGF5,XCL1,GREM1,MAB21L1,PTPRN,PTPRC,CXCL10,CXCR3,CCN1,JAML,THBS1,PITX2,HAPLN1,VEGFC,HMGA2,IL6,FGF2,TIMP1
down	GO:0006954	inflammatory response	GO:BP	1.85e-03	18	862	0.1552	0.0209	PTX3,SERPINE1,FN1,CXCL6,CD96,XCL1,PTPRC,CAMK4,CXCL10,CXCR3,CXCR4,THBS1,NKG7,IL6,AOAH,TMSB4X,TIMP1,NT5E
up	GO:0018149	peptide cross-linking	GO:BP	1.89e-03	7	29	0.0175	0.2414	SPRR2E,PI3,SPRR1B,CSTA,SPRR1A,TGM3,TGM1
up	GO:0045087	innate immune response	GO:BP	1.97e-03	42	984	0.1047	0.0427	IL36A,S100A9,SLPI,IL36G,SERPINB4,S100A8,PI3,S100A12,RNASE7,NOS2,APOBEC3A,TREML1,IL17A,IL17F,WFDC12,CLEC4C,FGB,IL36RN,DEFB108B,SLC11A1,LCN2,TREML4,TMEM45B,KYNU,SRMS,GZMM,ARG1,CLNK,TREM2,PGLYRP3,PGLYRP2,IL36B,PGLYRP4,NCF1,TLR10,ISG20,USP17L2,PYDC5,USP38,LRRC19,NLRC4,IFI27
up	REAC:R-HSA-9014826	Interleukin-36 pathway	REAC	2.08e-03	4	6	0.0154	0.6667	IL36A,IL36G,IL36RN,IL36B
up	GO:0001817	regulation of cytokine production	GO:BP	2.14e-03	36	781	0.0898	0.0461	IDO1,IL36A,CCR7,NOS2,IL17A,SPINK7,FOXP3,IL17F,TMIGD2,IL2,IL1RL1,EBI3,CD80,IL36RN,FERMT1,HPSE,SLC11A1,LRRK2,HMSD,ARG1,SOCS1,IL26,CLNK,CD86,CARD18,TREM2,LGALS9B,OSM,PGLYRP3,PGLYRP2,NODAL,CXCL17,LGALS9C,PLA2G3,LRRC19,NLRC4
down	GO:0036293	response to decreased oxygen levels	GO:BP	2.32e-03	11	316	0.0948	0.0348	STC2,FMN2,MGARP,OXTR,LOXL2,PENK,CXCR4,THBS1,VEGFC,CBS,STC1
down	GO:0048729	tissue morphogenesis	GO:BP	2.36e-03	15	614	0.1293	0.0244	MYH7,DKK1,XIRP2,GREM1,FOXD1,ACTC1,SULF1,CXCL10,CCN1,CXCR4,FST,VEGFC,HMGA2,STC1,FGF2
down	GO:0009605	response to external stimulus	GO:BP	2.55e-03	32	2415	0.2759	0.0133	PTX3,SERPINE1,CDH2,KLRC4,CXCL6,SERPINE2,CD96,XCL1,GREM1,IFITM2,PENK,PTPRC,GDF5,CXCL10,LY9,CXCR3,CCN1,CXCR4,CHRM2,JAML,THBS1,LOX,NKG7,IFITM1,VEGFC,HMGA2,IL6,AOAH,FGF2,B2M,TMSB4X,NT5E
down	GO:0060591	chondroblast differentiation	GO:BP	2.62e-03	3	5	0.0259	0.6000	GDF5,CCN1,FGF2
down	GO:0005515	protein binding	GO:MF	2.70e-03	105	15123	0.9130	0.0069	PTX3,MYH7,DKK1,SERPINE1,CDH2,TRAT1,XIRP2,GZMK,FN1,STC2,DLK1,CXCL6,TNFRSF11B,SERPINE2,FGF5,RCBTB2,XCL1,FMN2,CLEC2D,ARHGAP15,GREM1,PSG5,CLDND1,CLGN,SSTR1,MGARP,OXTR,MAB21L1,ACTC1,CD8B,RGS4,MME,SRSF7,PTPRN,LOXL2,MYH2,PENK,PTPRC,GDF5,CD69,CCN2,NR2F1,CAMK4,CXCL10,HSPB7,LY9,SFRP4,BMPER,CXCR3,IL2RG,CCN1,CXCR4,CHRM2,FOXL2,FLNC,TMEFF1,JAML,THBS1,SLF1,STAT4,LOX,PEG10,NKG7,TRPC4,PITX2,FST,CEMIP,IFITM1,APBB1IP,VEGFC,POPDC3,KRT13,HMGA2,CBS,FBN2,HSPB6,GCNA,RESF1,ANO4,IGFBP3,SLC4A4,STC1,TGFBI,IL6,AOAH,FGF2,CLDN11,CALU,UCHL1,IGF2BP3,SAMSN1,CD8A,CD53,B2M,TMSB4X,TPM2,TIMP1,PRR16,CCIN,NT5E,MT1F,P4HA1,SMIM43,CWF19L2,AKR1B1
up	GO:0050729	positive regulation of inflammatory response	GO:BP	2.91e-03	14	153	0.0349	0.0915	IDO1,S100A9,CCR7,S100A8,S100A12,IL2,CASP5,IL1RL1,LRRK2,C2CD4A,TREM2,OSM,PLA2G3,NLRC4
down	GO:0043067	regulation of programmed cell death	GO:BP	3.22e-03	24	1506	0.2069	0.0159	DKK1,SERPINE1,FMN2,SYCP2,GREM1,ACTC1,PTPRC,GDF5,CXCL10,SFRP4,CXCR3,CCN1,CXCR4,FOXL2,THBS1,LOX,HMGA2,CBS,HSPB6,IGFBP3,IL6,FGF2,TIMP1,AKR1B1
down	GO:0030198	extracellular matrix organization	GO:BP	3.23e-03	11	327	0.0948	0.0336	PTX3,TNFRSF11B,GREM1,LOXL2,SULF1,CCN1,LOX,MMP1,TGFBI,IL6,P4HA1
up	KEGG:04657	IL-17 signaling pathway	KEGG	3.25e-03	10	92	0.0535	0.1087	CCL17,S100A7A,S100A9,S100A7,S100A8,IL17A,IL17F,CCL20,LCN2,TAB3
up	GO:0050832	defense response to fungus	GO:BP	3.30e-03	9	59	0.0224	0.1525	S100A9,S100A8,S100A12,GNLY,RNASE7,IL17A,CLEC4C,IL36RN,ARG1
down	GO:0043062	extracellular structure organization	GO:BP	3.33e-03	11	328	0.0948	0.0335	PTX3,TNFRSF11B,GREM1,LOXL2,SULF1,CCN1,LOX,MMP1,TGFBI,IL6,P4HA1
down	GO:0045229	external encapsulating structure organization	GO:BP	3.43e-03	11	329	0.0948	0.0334	PTX3,TNFRSF11B,GREM1,LOXL2,SULF1,CCN1,LOX,MMP1,TGFBI,IL6,P4HA1
down	GO:0050900	leukocyte migration	GO:BP	3.75e-03	12	402	0.1034	0.0299	SERPINE1,CXCL6,XCL1,GREM1,CD69,CXCL10,CXCR3,CXCR4,JAML,THBS1,VEGFC,IL6
down	GO:0042692	muscle cell differentiation	GO:BP	4.05e-03	12	405	0.1034	0.0296	MYH7,DKK1,CDH2,GREM1,ACTC1,RGS4,CXCL10,FLNC,LOX,POPDC3,UCHL1,CD53
down	GO:0012501	programmed cell death	GO:BP	4.28e-03	28	1987	0.2414	0.0141	DKK1,SERPINE1,TNFRSF11B,FMN2,SYCP2,GREM1,ACTC1,PTPRC,GDF5,SULF1,CXCL10,SFRP4,CXCR3,CCN1,CXCR4,FOXL2,THBS1,LOX,PEG10,NKG7,HMGA2,CBS,HSPB6,IGFBP3,IL6,FGF2,TIMP1,AKR1B1
down	GO:0008219	cell death	GO:BP	4.45e-03	28	1991	0.2414	0.0141	DKK1,SERPINE1,TNFRSF11B,FMN2,SYCP2,GREM1,ACTC1,PTPRC,GDF5,SULF1,CXCL10,SFRP4,CXCR3,CCN1,CXCR4,FOXL2,THBS1,LOX,PEG10,NKG7,HMGA2,CBS,HSPB6,IGFBP3,IL6,FGF2,TIMP1,AKR1B1
down	GO:0005125	cytokine activity	GO:MF	4.58e-03	9	238	0.0783	0.0378	CXCL6,TNFRSF11B,XCL1,GREM1,GDF5,CXCL10,IL6,FGF2,TIMP1
down	GO:0009968	negative regulation of signal transduction	GO:BP	4.87e-03	22	1326	0.1897	0.0166	DKK1,SERPINE1,CDH2,DLK1,TNFRSF11B,SERPINE2,GREM1,RGS4,PTPRC,SULF1,SFRP4,BMPER,THBS1,LOX,PEG10,FST,FBN2,IGFBP3,IL6,FGF2,UCHL1,TMSB4X
down	GO:0023057	negative regulation of signaling	GO:BP	4.98e-03	23	1435	0.1983	0.0160	DKK1,SERPINE1,CDH2,TRAT1,DLK1,TNFRSF11B,SERPINE2,GREM1,RGS4,PTPRC,SULF1,SFRP4,BMPER,THBS1,LOX,PEG10,FST,FBN2,IGFBP3,IL6,FGF2,UCHL1,TMSB4X
down	GO:0022603	regulation of anatomical structure morphogenesis	GO:BP	5.00e-03	17	831	0.1466	0.0205	DKK1,SERPINE1,FN1,TNFRSF11B,ARHGAP15,GREM1,SULF1,CXCL10,BMPER,CXCR3,CXCR4,THBS1,VEGFC,HMGA2,HSPB6,IL6,FGF2
down	GO:0140677	molecular function activator activity	GO:MF	5.08e-03	20	1177	0.1739	0.0170	DKK1,FN1,STC2,CXCL6,TNFRSF11B,FGF5,XCL1,ARHGAP15,GREM1,RGS4,PENK,GDF5,CXCL10,VEGFC,FBN2,IGFBP3,STC1,IL6,FGF2,TIMP1
down	GO:0070482	response to oxygen levels	GO:BP	5.26e-03	11	344	0.0948	0.0320	STC2,FMN2,MGARP,OXTR,LOXL2,PENK,CXCR4,THBS1,VEGFC,CBS,STC1
up	GO:0061135	endopeptidase regulator activity	GO:MF	5.54e-03	15	186	0.0351	0.0806	SLPI,SERPINB4,PI3,SERPINB3,SPINK7,CSTA,SPINK8,WFDC12,ITIH1,SPINK6,SPINK1,HMSD,A2ML1,CARD18,NLRC4
up	GO:0002684	positive regulation of immune system process	GO:BP	5.78e-03	44	1099	0.1097	0.0400	IDO1,S100A9,CTLA4,CCR7,S100A7,CXCL13,S100A8,NOS2,IL17A,FOXP3,IL17F,TMIGD2,IL2,HLA-DMA,IL1RL1,EBI3,CD80,GPR151,CCL20,PVRIG,FCMR,SLC11A1,LRRK2,TREML4,HMSD,ARG1,SIRPG,SOCS1,CLNK,GPLD1,CD86,TREM2,FPR1,IL36B,FUT7,TLR10,MZB1,CXCL17,USP17L2,C17ORF99,PYDC5,PLA2G3,LRRC19,NLRC4
down	GO:0042110	T cell activation	GO:BP	6.48e-03	14	582	0.1207	0.0241	XCL1,CD8B,PTPRC,CD69,CAMK4,LY9,IL2RG,JAML,STAT4,NKG7,APBB1IP,IL6,CD8A,B2M
up	GO:0032649	regulation of type II interferon production	GO:BP	6.49e-03	12	120	0.0299	0.1000	CCR7,FOXP3,IL2,IL1RL1,EBI3,IL36RN,SLC11A1,HMSD,LGALS9B,PGLYRP3,PGLYRP2,LGALS9C
down	GO:0042981	regulation of apoptotic process	GO:BP	6.80e-03	23	1462	0.1983	0.0157	DKK1,SERPINE1,FMN2,SYCP2,GREM1,ACTC1,PTPRC,GDF5,CXCL10,SFRP4,CXCR3,CCN1,FOXL2,THBS1,LOX,HMGA2,CBS,HSPB6,IGFBP3,IL6,FGF2,TIMP1,AKR1B1
up	GO:0001819	positive regulation of cytokine production	GO:BP	6.92e-03	26	494	0.0648	0.0526	IDO1,IL36A,CCR7,NOS2,IL17A,FOXP3,IL17F,TMIGD2,IL2,IL1RL1,EBI3,CD80,FERMT1,HPSE,SLC11A1,LRRK2,HMSD,IL26,CLNK,CD86,TREM2,OSM,NODAL,CXCL17,PLA2G3,NLRC4
down	GO:0030141	secretory granule	GO:CC	6.94e-03	16	907	0.1368	0.0176	PTX3,SERPINE1,GZMK,FN1,SERPINE2,RCBTB2,MME,PTPRN,PENK,PTPRC,THBS1,VEGFC,CD53,B2M,TMSB4X,TIMP1
up	GO:0015464	acetylcholine receptor activity	GO:MF	6.96e-03	7	38	0.0164	0.1842	SLURP2,CHRNA6,HRH3,CHRNA2,CHRNA3,CHRM5,PATE4
up	GO:0004866	endopeptidase inhibitor activity	GO:MF	7.03e-03	14	167	0.0328	0.0838	SLPI,SERPINB4,PI3,SERPINB3,SPINK7,CSTA,SPINK8,WFDC12,ITIH1,SPINK6,SPINK1,HMSD,A2ML1,CARD18
up	GO:0032609	type II interferon production	GO:BP	7.09e-03	12	121	0.0299	0.0992	CCR7,FOXP3,IL2,IL1RL1,EBI3,IL36RN,SLC11A1,HMSD,LGALS9B,PGLYRP3,PGLYRP2,LGALS9C
down	GO:0006915	apoptotic process	GO:BP	7.25e-03	27	1923	0.2328	0.0140	DKK1,SERPINE1,TNFRSF11B,FMN2,SYCP2,GREM1,ACTC1,PTPRC,GDF5,SULF1,CXCL10,SFRP4,CXCR3,CCN1,CXCR4,FOXL2,THBS1,LOX,PEG10,HMGA2,CBS,HSPB6,IGFBP3,IL6,FGF2,TIMP1,AKR1B1
up	GO:0061436	establishment of skin barrier	GO:BP	7.39e-03	7	35	0.0175	0.2000	HRNR,TMPRSS11F,ALOX12B,ABCA12,CLDN4,CYSRT1,GRHL3
down	GO:0071674	mononuclear cell migration	GO:BP	7.69e-03	9	227	0.0776	0.0396	SERPINE1,XCL1,GREM1,CD69,CXCL10,CXCR4,JAML,THBS1,IL6
down	GO:0002062	chondrocyte differentiation	GO:BP	7.86e-03	7	121	0.0603	0.0579	GREM1,LOXL2,GDF5,CCN2,SULF1,HMGA2,TGFBI
down	REAC:R-HSA-1566948	Elastic fibre formation	REAC	7.90e-03	5	44	0.0602	0.1136	FN1,LOXL2,GDF5,LOX,FBN2
down	GO:0030336	negative regulation of cell migration	GO:BP	8.23e-03	10	292	0.0862	0.0342	SERPINE1,GREM1,CD69,SULF1,THBS1,IFITM1,IGFBP3,STC1,FGF2,TIMP1
up	GO:0005102	signaling receptor binding	GO:MF	8.85e-03	57	1521	0.1335	0.0375	CCL17,IL36A,S100A9,S100A7,IL36G,CCL22,CXCL13,S100A8,S100A12,IL17A,MSMP,IL17F,IL2,EBI3,CD80,VGF,FGB,CCL20,MUC4,UTS2,IL36RN,SLURP2,FERMT1,GAST,CDH26,IGFL1,PPBP,SRMS,ABCA12,RIT2,SOCS1,IL26,CD86,RAPSN,TREM2,EFNA2,OSM,FPR1,DKK4,IL36B,FAM3D,IL19,TLR10,DLG2,EFNA5,PROK2,APOB,LHFPL4,LRG1,NODAL,TAC4,GPHA2,GAL,APOF,C17ORF99,WNT8B,XCL2
down	GO:0002688	regulation of leukocyte chemotaxis	GO:BP	9.24e-03	7	124	0.0603	0.0565	SERPINE1,XCL1,GREM1,CXCL10,THBS1,VEGFC,IL6
up	GO:0098772	molecular function regulator activity	GO:MF	9.31e-03	75	2195	0.1756	0.0342	CCL17,IL36A,SLPI,IL36G,CCL22,SERPINB4,CXCL13,PI3,SERPINB3,GPRC5D,IL17A,MSMP,SPINK7,IL17F,SNCB,CSTA,IL2,SPINK8,KCNE5,WFDC12,EBI3,CD80,ITIH1,VGF,SPINK6,CCL20,SPINK1,UTS2,IL36RN,KCNG3,SLURP2,GAST,NCF4,FLT3,LRRK2,PRSS22,PLEKHG7,ALK,DENND2C,PPBP,HMSD,A2ML1,RIT2,SOCS1,DPP6,IL26,APOC2,ADAP2,GPLD1,CD86,CARD18,TREM2,OSM,DKK4,IL36B,ARHGEF26,FAM3D,IL19,NCF1,ECT2L,EFNA5,ADAP1,APOB,MAP3K9,LRRC38,NODAL,TAC4,GPHA2,GAL,PATE4,C17ORF99,WNT8B,XCL2,RGL4,NLRC4
down	GO:0019221	cytokine-mediated signaling pathway	GO:BP	9.31e-03	13	518	0.1121	0.0251	CXCL6,TNFRSF11B,XCL1,IFITM2,PTPRC,CXCL10,CXCR3,IL2RG,CXCR4,STAT4,IFITM1,IL6,TMSB4X
down	GO:0040017	positive regulation of locomotion	GO:BP	9.72e-03	14	603	0.1207	0.0232	SERPINE1,FN1,XCL1,PTPRC,CXCL10,CXCR3,CCN1,CXCR4,THBS1,CEMIP,VEGFC,IL6,FGF2,TMSB4X
down	GO:0043066	negative regulation of apoptotic process	GO:BP	9.77e-03	17	874	0.1466	0.0195	DKK1,SERPINE1,FMN2,SYCP2,GREM1,ACTC1,GDF5,CXCR3,CCN1,THBS1,HMGA2,CBS,HSPB6,IL6,FGF2,TIMP1,AKR1B1
down	GO:0002685	regulation of leukocyte migration	GO:BP	9.83e-03	9	234	0.0776	0.0385	SERPINE1,XCL1,GREM1,CD69,CXCL10,CXCR3,THBS1,VEGFC,IL6
down	GO:0007507	heart development	GO:BP	1.01e-02	14	605	0.1207	0.0231	MYH7,DKK1,XIRP2,FN1,GREM1,OXTR,ACTC1,RGS4,HSPB7,CCN1,LOX,PITX2,POPDC3,FGF2
down	GO:0061061	muscle structure development	GO:BP	1.03e-02	15	693	0.1293	0.0216	MYH7,DKK1,CDH2,XIRP2,GREM1,ACTC1,RGS4,CXCL10,FOXL2,FLNC,LOX,POPDC3,IGFBP3,UCHL1,CD53
down	KEGG:05340	Primary immunodeficiency	KEGG	1.06e-02	4	37	0.0656	0.1081	CD8B,PTPRC,IL2RG,CD8A
down	GO:0051146	striated muscle cell differentiation	GO:BP	1.08e-02	10	301	0.0862	0.0332	MYH7,DKK1,CDH2,GREM1,ACTC1,RGS4,CXCL10,FLNC,POPDC3,CD53
down	GO:0001666	response to hypoxia	GO:BP	1.11e-02	10	302	0.0862	0.0331	STC2,FMN2,MGARP,LOXL2,PENK,CXCR4,THBS1,VEGFC,CBS,STC1
down	GO:0045321	leukocyte activation	GO:BP	1.11e-02	18	980	0.1552	0.0184	FN1,CXCL6,XCL1,CD8B,PTPRC,CD69,CAMK4,LY9,IL2RG,JAML,THBS1,STAT4,NKG7,APBB1IP,IL6,SAMSN1,CD8A,B2M
up	GO:0030414	peptidase inhibitor activity	GO:MF	1.12e-02	14	174	0.0328	0.0805	SLPI,SERPINB4,PI3,SERPINB3,SPINK7,CSTA,SPINK8,WFDC12,ITIH1,SPINK6,SPINK1,HMSD,A2ML1,CARD18
down	GO:0097529	myeloid leukocyte migration	GO:BP	1.13e-02	9	238	0.0776	0.0378	SERPINE1,CXCL6,XCL1,GREM1,CXCL10,JAML,THBS1,VEGFC,IL6
up	GO:0002237	response to molecule of bacterial origin	GO:BP	1.14e-02	21	357	0.0524	0.0588	IDO1,IL36A,S100A9,SLPI,CCR7,S100A7,IL36G,CXCL13,S100A8,NOS2,FOXP3,CD80,IL36RN,SLC11A1,GJB2,PPBP,CD86,TREM2,IL36B,TLR10,CEBPE
down	GO:0032101	regulation of response to external stimulus	GO:BP	1.14e-02	19	1082	0.1638	0.0176	SERPINE1,KLRC4,CXCL6,SERPINE2,CD96,XCL1,GREM1,PTPRC,CXCL10,CXCR3,CXCR4,THBS1,NKG7,VEGFC,IL6,AOAH,FGF2,TMSB4X,NT5E
down	GO:0042592	homeostatic process	GO:BP	1.15e-02	25	1736	0.2155	0.0144	CDH2,STC2,CXCL6,TNFRSF11B,XCL1,OXTR,PTPRN,PTPRC,CCN2,CXCL10,SFRP4,CXCR3,IL2RG,CXCR4,LOX,TRPC4,CEMIP,SLC4A4,STC1,IL6,FGF2,B2M,NT5E,MT1F,AKR1B1
down	GO:0035710	CD4-positive, alpha-beta T cell activation	GO:BP	1.20e-02	7	129	0.0603	0.0543	XCL1,CD69,LY9,IL2RG,STAT4,NKG7,IL6
down	GO:0098552	side of membrane	GO:CC	1.21e-02	14	746	0.1197	0.0188	KLRC4,CLEC2D,PTPRC,CD69,CXCL10,LY9,CXCR3,IL2RG,CXCR4,THBS1,CD8A,B2M,LYPD4,NT5E
down	GO:0030155	regulation of cell adhesion	GO:BP	1.21e-02	16	794	0.1379	0.0202	SERPINE1,FN1,SERPINE2,XCL1,GREM1,PTPRC,CD69,CXCR3,IL2RG,CCN1,CXCR4,THBS1,APBB1IP,TGFBI,IL6,B2M
down	GO:0019955	cytokine binding	GO:MF	1.25e-02	7	150	0.0609	0.0467	GREM1,GDF5,CXCR3,IL2RG,CXCR4,THBS1,FGF2
down	GO:0098771	inorganic ion homeostasis	GO:BP	1.29e-02	13	534	0.1121	0.0243	STC2,XCL1,PTPRC,CXCL10,SFRP4,CXCR3,TRPC4,CEMIP,STC1,FGF2,B2M,NT5E,MT1F
down	GO:2000146	negative regulation of cell motility	GO:BP	1.32e-02	10	308	0.0862	0.0325	SERPINE1,GREM1,CD69,SULF1,THBS1,IFITM1,IGFBP3,STC1,FGF2,TIMP1
down	GO:0045667	regulation of osteoblast differentiation	GO:BP	1.33e-02	7	131	0.0603	0.0534	GREM1,CCN1,IFITM1,VEGFC,FBN2,IL6,FGF2
down	GO:0002376	immune system process	GO:BP	1.35e-02	34	2871	0.2931	0.0118	PTX3,SERPINE1,KLRC4,TRAT1,FN1,CXCL6,TNFRSF11B,CD96,RCBTB2,XCL1,GREM1,CD8B,IFITM2,PTPRC,CD69,CAMK4,CXCL10,LY9,CXCR3,IL2RG,CXCR4,JAML,THBS1,STAT4,LOX,NKG7,PITX2,IFITM1,APBB1IP,VEGFC,IL6,SAMSN1,CD8A,B2M
up	GO:0009620	response to fungus	GO:BP	1.42e-02	9	70	0.0224	0.1286	S100A9,S100A8,S100A12,GNLY,RNASE7,IL17A,CLEC4C,IL36RN,ARG1
down	GO:0010757	negative regulation of plasminogen activation	GO:BP	1.45e-02	3	8	0.0259	0.3750	SERPINE1,SERPINE2,THBS1
up	GO:0042834	peptidoglycan binding	GO:MF	1.53e-02	5	18	0.0117	0.2778	RNASE7,TREM2,PGLYRP3,PGLYRP2,PGLYRP4
down	GO:0043069	negative regulation of programmed cell death	GO:BP	1.54e-02	17	905	0.1466	0.0188	DKK1,SERPINE1,FMN2,SYCP2,GREM1,ACTC1,GDF5,CXCR3,CCN1,THBS1,HMGA2,CBS,HSPB6,IL6,FGF2,TIMP1,AKR1B1
down	KEGG:04060	Cytokine-cytokine receptor interaction	KEGG	1.66e-02	9	291	0.1475	0.0309	CXCL6,TNFRSF11B,XCL1,GDF5,CXCL10,CXCR3,IL2RG,CXCR4,IL6
down	GO:0034774	secretory granule lumen	GO:CC	1.68e-02	9	323	0.0769	0.0279	PTX3,SERPINE1,FN1,PENK,THBS1,VEGFC,B2M,TMSB4X,TIMP1
down	GO:0010648	negative regulation of cell communication	GO:BP	1.74e-02	22	1436	0.1897	0.0153	DKK1,SERPINE1,CDH2,DLK1,TNFRSF11B,SERPINE2,GREM1,RGS4,PTPRC,SULF1,SFRP4,BMPER,THBS1,LOX,PEG10,FST,FBN2,IGFBP3,IL6,FGF2,UCHL1,TMSB4X
down	GO:0005178	integrin binding	GO:MF	1.74e-02	7	158	0.0609	0.0443	FN1,CCN2,CCN1,JAML,THBS1,TGFBI,FGF2
up	GO:0022857	transmembrane transporter activity	GO:MF	1.79e-02	48	1235	0.1124	0.0389	RHCG,CLDN17,SCNN1D,KCNE5,ATP12A,CALHM4,TMC5,CPLX3,SLC6A14,ABCG4,BCL2A1,SLC26A9,KCNG3,SLC11A1,SLC3A1,KCNJ9,ABCB5,GJB2,ABCA12,AQP6,SLC4A9,SLC25A48,DPP6,CHRNA6,SLC9B1,SLC5A1,TRPC3,MIP,GPLD1,SLC16A10,TRPV3,KCNV2,KCNJ10,SCNN1G,CLDN4,CHRNA2,GRIN1,SLC10A1,CHRNA3,LRRC38,SLCO5A1,SPNS3,MFSD2B,ATP13A4,SLC8A2,SLC36A3,SLC26A4,CNGB3
up	GO:0032496	response to lipopolysaccharide	GO:BP	1.82e-02	20	339	0.0499	0.0590	IDO1,IL36A,S100A9,SLPI,CCR7,S100A7,IL36G,CXCL13,S100A8,NOS2,FOXP3,CD80,IL36RN,SLC11A1,GJB2,PPBP,CD86,TREM2,IL36B,CEBPE
down	GO:0060485	mesenchyme development	GO:BP	1.83e-02	10	320	0.0862	0.0312	DKK1,CDH2,FN1,GREM1,FOXD1,ACTC1,LOXL2,PITX2,HMGA2,IL6
down	REAC:R-HSA-114608	Platelet degranulation 	REAC	1.87e-02	7	126	0.0843	0.0556	SERPINE1,FN1,THBS1,VEGFC,CALU,TMSB4X,TIMP1
up	GO:0061134	peptidase regulator activity	GO:MF	1.88e-02	16	231	0.0375	0.0693	SLPI,SERPINB4,PI3,SERPINB3,SPINK7,CSTA,SPINK8,WFDC12,ITIH1,SPINK6,SPINK1,PRSS22,HMSD,A2ML1,CARD18,NLRC4
down	GO:0060205	cytoplasmic vesicle lumen	GO:CC	1.89e-02	9	328	0.0769	0.0274	PTX3,SERPINE1,FN1,PENK,THBS1,VEGFC,B2M,TMSB4X,TIMP1
down	GO:0046631	alpha-beta T cell activation	GO:BP	1.92e-02	8	193	0.0690	0.0415	XCL1,PTPRC,CD69,LY9,IL2RG,STAT4,NKG7,IL6
down	GO:0031983	vesicle lumen	GO:CC	1.94e-02	9	329	0.0769	0.0274	PTX3,SERPINE1,FN1,PENK,THBS1,VEGFC,B2M,TMSB4X,TIMP1
up	GO:0008745	N-acetylmuramoyl-L-alanine amidase activity	GO:MF	2.02e-02	3	4	0.0070	0.7500	PGLYRP3,PGLYRP2,PGLYRP4
up	GO:0055085	transmembrane transport	GO:BP	2.02e-02	55	1578	0.1372	0.0349	CCR7,TCN1,RHCG,CLDN17,SCNN1D,KCNE5,ATP12A,CALHM4,TMC5,SLC6A14,ABCG4,BCL2A1,SLC26A9,KCNG3,HPSE,SLC11A1,SLC3A1,KCNJ9,ABCB5,ARC,GJB2,PPBP,ABCA12,AQP6,SLC4A9,SLC25A48,DPP6,CHRNA6,SLC9B1,SLC5A1,TRPC3,MIP,OCLN,SLC16A10,TRPV3,KCNV2,TREM2,KCNJ10,SCNN1G,CLDN4,CHRNA2,GRIN1,SLC10A1,CHRNA3,LRRC38,SLCO5A1,SPNS3,GAL,MFSD2B,GP1BB,ATP13A4,SLC8A2,SLC36A3,SLC26A4,CNGB3
down	GO:0008083	growth factor activity	GO:MF	2.04e-02	7	162	0.0609	0.0432	DKK1,FGF5,GDF5,VEGFC,IL6,FGF2,TIMP1
up	GO:0022407	regulation of cell-cell adhesion	GO:BP	2.10e-02	25	494	0.0623	0.0506	IDO1,CTLA4,CCR7,CXCL13,FOXP3,TMIGD2,IL2,HLA-DMA,EBI3,CD80,FGB,ABCA12,ARG1,SIRPG,SOCS1,CD86,LGALS9B,IL36B,FUT7,EFNA5,B4GALNT2,NODAL,LGALS9C,MFSD2B,RAG2
down	GO:0030335	positive regulation of cell migration	GO:BP	2.10e-02	13	559	0.1121	0.0233	SERPINE1,FN1,XCL1,PTPRC,CXCL10,CCN1,CXCR4,THBS1,CEMIP,VEGFC,IL6,FGF2,TMSB4X
up	GO:0002682	regulation of immune system process	GO:BP	2.13e-02	55	1581	0.1372	0.0348	IDO1,S100A9,CTLA4,CCR7,S100A7,SERPINB4,CXCL13,S100A8,NOS2,IL17A,FOXP3,IL17F,TMIGD2,IL2,HLA-DMA,IL1RL1,EBI3,CD80,ZPBP2,GPR151,CCL20,PVRIG,FCMR,SLC11A1,LRRK2,TREML4,HMSD,ARG1,SIRPG,SOCS1,CLNK,GPLD1,CD86,TREM2,LGALS9B,FPR1,PGLYRP3,PGLYRP2,IL36B,FUT7,NCF1,TLR10,MZB1,CXCL17,LGALS9C,GAL,USP17L2,C17ORF99,RAG2,PYDC5,USP38,PLA2G3,LRRC19,NLRC4,PSG3
up	GO:0005215	transporter activity	GO:MF	2.14e-02	51	1351	0.1194	0.0377	RHCG,CLDN17,SCNN1D,KCNE5,ATP12A,CALHM4,TMC5,CPLX3,SLC6A14,ABCG4,BCL2A1,SLC26A9,KCNG3,SLC11A1,SLC3A1,KCNJ9,ABCB5,GJB2,ABCA12,AQP6,ATP10B,SLC4A9,SLC25A48,DPP6,CHRNA6,SLC9B1,SLC5A1,TRPC3,MIP,GPLD1,SLC16A10,TRPV3,KCNV2,KCNJ10,SCNN1G,CLDN4,CHRNA2,APOB,GRIN1,SLC10A1,CHRNA3,LRRC38,SLCO5A1,SPNS3,MFSD2B,APOF,ATP13A4,SLC8A2,SLC36A3,SLC26A4,CNGB3
down	GO:0023051	regulation of signaling	GO:BP	2.15e-02	38	3478	0.3276	0.0109	DKK1,SERPINE1,CDH2,TRAT1,FN1,DLK1,TNFRSF11B,SERPINE2,FGF5,ARHGAP15,GREM1,FOXD1,OXTR,RGS4,MME,PTPRC,GDF5,CCN2,SULF1,SFRP4,BMPER,CCN1,CXCR4,CHRM2,FOXL2,THBS1,LOX,PEG10,FST,VEGFC,CBS,FBN2,IGFBP3,IL6,FGF2,UCHL1,TMSB4X,TIMP1
down	GO:0040013	negative regulation of locomotion	GO:BP	2.15e-02	10	326	0.0862	0.0307	SERPINE1,GREM1,CD69,SULF1,THBS1,IFITM1,IGFBP3,STC1,FGF2,TIMP1
down	GO:0060429	epithelium development	GO:BP	2.17e-02	20	1238	0.1724	0.0162	DKK1,SERPINE1,CDH2,SERPINE2,GREM1,FOXD1,SULF1,CXCL10,SFRP4,BMPER,CCN1,CXCR4,FOXL2,PITX2,FST,VEGFC,KRT13,STC1,FGF2,AKR1B1
down	GO:0019725	cellular homeostasis	GO:BP	2.27e-02	16	835	0.1379	0.0192	STC2,XCL1,PTPRN,PTPRC,CXCL10,CXCR3,IL2RG,LOX,TRPC4,CEMIP,SLC4A4,STC1,IL6,FGF2,B2M,MT1F
down	GO:0010646	regulation of cell communication	GO:BP	2.27e-02	38	3486	0.3276	0.0109	DKK1,SERPINE1,CDH2,TRAT1,FN1,DLK1,TNFRSF11B,SERPINE2,FGF5,ARHGAP15,GREM1,FOXD1,OXTR,RGS4,MME,PTPRC,GDF5,CCN2,SULF1,SFRP4,BMPER,CCN1,CXCR4,CHRM2,FOXL2,THBS1,LOX,PEG10,FST,VEGFC,CBS,FBN2,IGFBP3,IL6,FGF2,UCHL1,TMSB4X,TIMP1
down	GO:0055074	calcium ion homeostasis	GO:BP	2.33e-02	10	329	0.0862	0.0304	STC2,XCL1,PTPRC,CXCL10,CXCR3,TRPC4,CEMIP,STC1,FGF2,NT5E
down	REAC:R-HSA-76005	Response to elevated platelet cytosolic Ca2+	REAC	2.39e-02	7	131	0.0843	0.0534	SERPINE1,FN1,THBS1,VEGFC,CALU,TMSB4X,TIMP1
down	GO:0002682	regulation of immune system process	GO:BP	2.44e-02	23	1581	0.1983	0.0145	SERPINE1,KLRC4,TRAT1,FN1,CXCL6,TNFRSF11B,CD96,XCL1,GREM1,CD8B,PTPRC,CD69,CAMK4,CXCL10,CXCR3,IL2RG,THBS1,LOX,VEGFC,IL6,SAMSN1,CD8A,B2M
down	GO:0002690	positive regulation of leukocyte chemotaxis	GO:BP	2.47e-02	6	96	0.0517	0.0625	SERPINE1,XCL1,CXCL10,THBS1,VEGFC,IL6
up	GO:0031640	killing of cells of another organism	GO:BP	2.47e-02	10	94	0.0249	0.1064	LCE3A,LCE3C,S100A12,GNLY,RNASE7,NOS2,GZMM,ARG1,PGLYRP3,PGLYRP4
up	GO:0141061	disruption of cell in another organism	GO:BP	2.47e-02	10	94	0.0249	0.1064	LCE3A,LCE3C,S100A12,GNLY,RNASE7,NOS2,GZMM,ARG1,PGLYRP3,PGLYRP4
down	GO:0005201	extracellular matrix structural constituent	GO:MF	2.48e-02	7	167	0.0609	0.0419	FN1,CCN1,THBS1,TFPI2,HAPLN1,FBN2,TGFBI
up	REAC:R-HSA-380108	Chemokine receptors bind chemokines	REAC	2.50e-02	8	57	0.0308	0.1404	CCL17,CCR7,CCL22,CXCL13,CCL20,PPBP,CXCR6,XCL2
down	GO:0043394	proteoglycan binding	GO:MF	2.63e-02	4	36	0.0348	0.1111	FN1,PTPRC,THBS1,FST
up	GO:0050776	regulation of immune response	GO:BP	2.72e-02	38	947	0.0948	0.0401	IDO1,S100A9,CTLA4,CCR7,SERPINB4,CXCL13,S100A8,IL17A,FOXP3,IL17F,TMIGD2,IL2,HLA-DMA,IL1RL1,CD80,GPR151,PVRIG,FCMR,SLC11A1,TREML4,HMSD,ARG1,CLNK,GPLD1,CD86,TREM2,FPR1,PGLYRP3,PGLYRP2,FUT7,NCF1,TLR10,USP17L2,C17ORF99,PYDC5,USP38,LRRC19,NLRC4
down	GO:0070161	anchoring junction	GO:CC	2.81e-02	15	912	0.1282	0.0164	CDH2,XIRP2,OXTR,ACTC1,MME,MYH2,PTPRC,CXCR4,FLNC,JAML,TRPC4,APBB1IP,CLDN11,CD53,B2M
down	REAC:R-HSA-380108	Chemokine receptors bind chemokines	REAC	2.82e-02	5	57	0.0602	0.0877	CXCL6,XCL1,CXCL10,CXCR3,CXCR4
up	KEGG:04061	Viral protein interaction with cytokine and cytokine receptor	KEGG	2.99e-02	9	98	0.0481	0.0918	CCL17,CCR7,CCL22,CXCL13,IL2,CCL20,PPBP,IL19,XCL2
up	GO:0034702	monoatomic ion channel complex	GO:CC	3.04e-02	19	362	0.0444	0.0525	CLDN17,SCNN1D,KCNE5,KCNG3,KCNJ9,DPP6,CHRNA6,TRPC3,KCNV2,KCNJ10,SCNN1G,CLDN4,CHRNA2,DLG2,GRIN1,CHRNA3,SHISA8,LRRC38,CNGB3
up	GO:0007186	G protein-coupled receptor signaling pathway	GO:BP	3.08e-02	47	1289	0.1172	0.0365	CCL17,GNG8,CCR7,CCL22,CXCL13,RAMP1,GPRC5D,IL2,OR9Q2,KLK6,OR2AE1,GPR151,OR5B2,CCL20,GAST,LRRK2,OR2T11,ALK,GPR139,PPBP,OR2C3,RIT2,OR51L1,GNGT2,HRH3,LPAR4,CALY,OR2L3,OR4P4,RRH,S1PR4,TREM2,OR5T2,FPR1,PROK2,ADGRE1,CXCR6,GRK7,TAC4,GPHA2,GAL,CHRM5,MFSD2B,TMIGD3,ACP3,XCL2,GUCY2D
up	GO:0032689	negative regulation of type II interferon production	GO:BP	3.10e-02	7	43	0.0175	0.1628	FOXP3,IL1RL1,IL36RN,LGALS9B,PGLYRP3,PGLYRP2,LGALS9C
down	GO:1990868	response to chemokine	GO:BP	3.12e-02	6	100	0.0517	0.0600	CXCL6,XCL1,CXCL10,CXCR3,CXCR4,LOX
down	GO:1990869	cellular response to chemokine	GO:BP	3.12e-02	6	100	0.0517	0.0600	CXCL6,XCL1,CXCL10,CXCR3,CXCR4,LOX
down	GO:0019220	regulation of phosphate metabolic process	GO:BP	3.13e-02	17	956	0.1466	0.0178	DKK1,FN1,FGF5,GREM1,PTPRC,CCN1,THBS1,LOX,CEMIP,HMGA2,IGFBP3,SLC4A4,IL6,FGF2,UCHL1,SAMSN1,TMSB4X
down	GO:0051174	regulation of phosphorus metabolic process	GO:BP	3.17e-02	17	957	0.1466	0.0178	DKK1,FN1,FGF5,GREM1,PTPRC,CCN1,THBS1,LOX,CEMIP,HMGA2,IGFBP3,SLC4A4,IL6,FGF2,UCHL1,SAMSN1,TMSB4X
up	GO:0051250	negative regulation of lymphocyte activation	GO:BP	3.31e-02	13	164	0.0324	0.0793	IDO1,CTLA4,FOXP3,IL2,ARG1,SOCS1,CLNK,LGALS9B,PGLYRP3,PGLYRP2,LGALS9C,GAL,RAG2
up	GO:0098590	plasma membrane region	GO:CC	3.43e-02	46	1332	0.1075	0.0345	TEX101,RHCG,CLDN17,UPK3A,ATP12A,GPR151,CPLX3,SLC6A14,SLC26A9,PARD6B,FERMT1,LRRK2,SLC3A1,KCNJ9,ARC,AQP6,SLC4A9,PLET1,CHRNA6,SLC5A1,MIP,OCLN,SLC16A10,RAPSN,TREM2,KCNJ10,SCNN1G,CLDN4,CHRNA2,GAD2,DLG2,EFNA5,ENTPD1,LHFPL4,CRB3,GRIN1,SLC10A1,CHRNA3,SHISA8,SLCO5A1,MEGF11,CHRM5,SLC8A2,RPH3A,SLC26A4,GUCY2D
up	GO:0050896	response to stimulus	GO:BP	3.46e-02	213	8999	0.5312	0.0237	SPRR2A,CCL17,IDO1,IL36A,GNG8,LCE3A,S100A9,CTLA4,SLPI,CCR7,S100A7,IL36G,CCL22,SERPINB4,CXCL13,LCE3C,S100A8,PI3,RAMP1,S100A12,GNLY,RNASE7,SERPINB3,NOS2,APOBEC3A,AOC1,GPRC5D,TREML1,IL17A,MSMP,SPINK7,FOXP3,IL17F,TMIGD2,IL2,SCNN1D,HLA-DMA,SDCBP2,TREX2,OR9Q2,KLK6,CASP5,WFDC12,MAP1LC3B2,IL1RL1,ATG10,OR2AE1,EBI3,CLEC4C,CD80,VGF,GPR151,RAB33A,OR5B2,FGB,SLC6A14,ABCG4,BCL2A1,CCL20,SPINK1,UTS2,IL36RN,PPM1N,SLURP2,PVRIG,FCMR,FERMT1,PROZ,AKR1B10,HPSE,GAST,DEFB108B,FLT3,TBL1Y,SLC11A1,LRRK2,LCN2,BCL2L14,TREML4,OR2T11,HORMAD1,PLEKHG7,ALK,GPR139,TMEM45B,KYNU,IGSF6,ARC,GJB2,PPBP,SRMS,PRSS3,ALOX12B,HMSD,ABCA12,GZMM,ARG1,NEUROD1,FANCC,OR2C3,DSC2,RIT2,OR51L1,STRC,SIRPG,SOCS1,IL26,PLET1,CHRNA6,GNGT2,HRH3,PTPRCAP,LPAR4,TRPC3,CLNK,MT1G,C2CD4A,OCLN,GPLD1,CALY,TRPV3,OR2L3,CD86,OR4P4,RRH,PTPN5,S1PR4,CARD18,TREM2,LAMP3,EFNA2,KIAA0319,OR5T2,OSM,KCNJ10,SCNN1G,FPR1,PGLYRP3,PGLYRP2,DKK4,IL36B,FUT7,CLDN4,GUCY2C,MYOG,CHRNA2,PGLYRP4,LRRC69,FAM3D,IL19,GAD2,NCF1,TLR10,DLG2,EFNA5,PROK2,PLCZ1,MT1H,ADAP1,ENTPD1,APOB,ADGRE1,MZB1,MAP3K9,GRIN1,SLC10A1,CHRNA3,ISG20,LRG1,CXCR6,TULP1,GRK7,RNASE13,NODAL,TAC4,GPHA2,CXCL17,SH3GL3,PCSK6,DCDC2C,FLRT1,GAL,CHRM5,MFSD2B,GP1BB,USP17L2,PLA2G4B,TMIGD3,PATE4,C17ORF99,WNT8B,NCCRP1,RAG2,CEBPE,TAB3,PON1,PYDC5,ACP3,USP38,XCL2,SLC8A2,PLA2G3,RGL4,LPIN3,GRHL3,LRRC19,CNGB3,TERB1,NLRC4,PSG3,GUCY2D,MEIOC,IFI27
down	GO:2000147	positive regulation of cell motility	GO:BP	3.51e-02	13	587	0.1121	0.0221	SERPINE1,FN1,XCL1,PTPRC,CXCL10,CCN1,CXCR4,THBS1,CEMIP,VEGFC,IL6,FGF2,TMSB4X
down	GO:0006952	defense response	GO:BP	3.51e-02	25	1853	0.2155	0.0135	PTX3,SERPINE1,KLRC4,TRAT1,FN1,CXCL6,CD96,XCL1,IFITM2,PENK,PTPRC,CAMK4,CXCL10,LY9,CXCR3,CXCR4,THBS1,STAT4,NKG7,IFITM1,IL6,AOAH,TMSB4X,TIMP1,NT5E
up	GO:0042634	regulation of hair cycle	GO:BP	3.74e-02	6	30	0.0150	0.2000	FERMT1,HPSE,KRT17,TRPV3,DKK4,GAL
down	GO:0042802	identical protein binding	GO:MF	3.76e-02	27	2182	0.2348	0.0124	PTX3,CDH2,FN1,STC2,XCL1,GREM1,MME,GDF5,CD69,FLNC,JAML,THBS1,STAT4,PITX2,CBS,HSPB6,SLC4A4,STC1,TGFBI,IL6,FGF2,CLDN11,CD53,B2M,TPM2,NT5E,P4HA1
down	GO:0090100	positive regulation of transmembrane receptor protein serine/threonine kinase signaling pathway	GO:BP	3.90e-02	6	104	0.0517	0.0577	FOXD1,GDF5,SULF1,BMPER,CCN1,THBS1
up	GO:0141060	disruption of anatomical structure in another organism	GO:BP	3.92e-02	10	99	0.0249	0.1010	LCE3A,LCE3C,S100A12,GNLY,RNASE7,NOS2,GZMM,ARG1,PGLYRP3,PGLYRP4
down	GO:0045807	positive regulation of endocytosis	GO:BP	3.97e-02	7	155	0.0603	0.0452	PTX3,SERPINE1,GREM1,PTPRC,SFRP4,IL2RG,B2M
down	GO:0001932	regulation of protein phosphorylation	GO:BP	4.07e-02	15	779	0.1293	0.0193	DKK1,FN1,FGF5,GREM1,PTPRC,CCN1,THBS1,LOX,CEMIP,HMGA2,IGFBP3,IL6,FGF2,UCHL1,SAMSN1
down	GO:0090288	negative regulation of cellular response to growth factor stimulus	GO:BP	4.12e-02	6	105	0.0517	0.0571	DKK1,GREM1,SULF1,BMPER,THBS1,FGF2
down	GO:0098772	molecular function regulator activity	GO:MF	4.16e-02	27	2195	0.2348	0.0123	DKK1,SERPINE1,FN1,STC2,CXCL6,TNFRSF11B,SERPINE2,FGF5,RCBTB2,XCL1,ARHGAP15,GREM1,RGS4,PENK,GDF5,CXCL10,FOXL2,THBS1,TFPI2,FST,VEGFC,FBN2,IGFBP3,STC1,IL6,FGF2,TIMP1
down	GO:0042063	gliogenesis	GO:BP	4.16e-02	10	352	0.0862	0.0284	CDH2,SERPINE2,FGF5,PENK,CXCR4,TRPC4,HAPLN1,VEGFC,IL6,FGF2
down	GO:0071492	cellular response to UV-A	GO:BP	4.22e-02	3	11	0.0259	0.2727	MME,MMP1,TIMP1
up	GO:0050727	regulation of inflammatory response	GO:BP	4.33e-02	21	390	0.0524	0.0538	IDO1,S100A9,CCR7,S100A8,S100A12,IL17A,FOXP3,IL2,CASP5,IL1RL1,LRRK2,C2CD4A,TREM2,OSM,PGLYRP2,FUT7,NCF1,CXCL17,PLA2G3,LRRC19,NLRC4
down	GO:0009966	regulation of signal transduction	GO:BP	4.40e-02	34	3034	0.2931	0.0112	DKK1,SERPINE1,CDH2,TRAT1,FN1,DLK1,TNFRSF11B,SERPINE2,FGF5,ARHGAP15,GREM1,FOXD1,RGS4,PTPRC,GDF5,CCN2,SULF1,SFRP4,BMPER,CCN1,CXCR4,THBS1,LOX,PEG10,FST,VEGFC,CBS,FBN2,IGFBP3,IL6,FGF2,UCHL1,TMSB4X,TIMP1
down	GO:0001935	endothelial cell proliferation	GO:BP	4.49e-02	7	158	0.0603	0.0443	LOXL2,SULF1,BMPER,CXCR3,THBS1,VEGFC,FGF2
down	REAC:R-HSA-375276	Peptide ligand-binding receptors	REAC	4.52e-02	8	195	0.0964	0.0410	CXCL6,XCL1,SSTR1,OXTR,PENK,CXCL10,CXCR3,CXCR4
down	GO:0042060	wound healing	GO:BP	4.54e-02	11	433	0.0948	0.0254	SERPINE1,FN1,SERPINE2,CCN1,CXCR4,JAML,THBS1,TFPI2,IL6,FGF2,TIMP1
down	GO:0006816	calcium ion transport	GO:BP	4.63e-02	11	434	0.0948	0.0253	STC2,XCL1,RGS4,PTPRC,CXCL10,CXCR3,CXCR4,TRPC4,CEMIP,STC1,FGF2
down	GO:0009893	positive regulation of metabolic process	GO:BP	4.69e-02	38	3597	0.3276	0.0106	PTX3,DKK1,SERPINE1,FN1,FGF5,XCL1,FMN2,GREM1,FOXD1,OXTR,ACTC1,PTPRN,PTPRC,NR2F1,CAMK4,SULF1,CXCL10,LY9,SFRP4,CXCR3,IL2RG,CCN1,CXCR4,FOXL2,THBS1,SLF1,STAT4,PITX2,CEMIP,HMGA2,SLC4A4,IL6,FGF2,UCHL1,IGF2BP3,B2M,TMSB4X,PRR16
up	GO:0140677	molecular function activator activity	GO:MF	4.69e-02	45	1177	0.1054	0.0382	CCL17,IL36A,IL36G,CCL22,CXCL13,GPRC5D,IL17A,MSMP,IL17F,IL2,EBI3,CD80,VGF,CCL20,UTS2,IL36RN,GAST,NCF4,LRRK2,PRSS22,ALK,PPBP,IL26,APOC2,ADAP2,CD86,TREM2,OSM,IL36B,FAM3D,IL19,NCF1,EFNA5,ADAP1,APOB,MAP3K9,LRRC38,NODAL,TAC4,GPHA2,GAL,C17ORF99,WNT8B,XCL2,NLRC4
down	GO:0055080	monoatomic cation homeostasis	GO:BP	4.88e-02	13	606	0.1121	0.0215	STC2,XCL1,PTPRC,CXCL10,CXCR3,TRPC4,CEMIP,SLC4A4,STC1,FGF2,B2M,NT5E,MT1F
down	GO:0060348	bone development	GO:BP	4.92e-02	8	220	0.0690	0.0364	GREM1,PTPRC,SULF1,SFRP4,LOX,PITX2,CBS,STC1
up	GO:0016019	peptidoglycan immune receptor activity	GO:MF	4.96e-02	3	5	0.0070	0.6000	PGLYRP3,PGLYRP2,PGLYRP4
